name,top_category,sub_category
komix peppermint 7ml k30,Obat Obatan,Obat Cair
chacha peanut 13gr b9,Makanan Ringan,Cokelat
muffin pandan 20gr b8,Makanan Ringan,Kue Kering
mie shoor 500,Makanan Instant,Snack
gery malkist coconut 36gr b6 k60,Makanan Ringan,Biskuit
gpu cream 150gr,Obat Luar,Minyak Gosok
lux bw soft rose 450ml,Sabun Mandi,Antiseptik
canasta bbq 20gr k6,Makanan Ringan,Snack
candy mintz zing spearmint (24sak),Makanan Ringan,Permen
biskuat ori 60gr,Makanan Ringan,Biskuit
chocopie,Makanan Ringan,Biskuit
roma malkist coklat kelapa 20x22.5g,Makanan Ringan,Biskuit
bihun doroku 158g,Bahan Makanan,Bihun Kering
aqua 330ml k24,Air Minum Dalam Kemasan,Botol
garam ibu jari (40),Bahan Masakan,Garam
cip. eko 65 gr,Makanan Kaleng,Kornet
yupi aquarium b12,Makanan Ringan,Jelly
chocolatos keju 16gr,Makanan Ringan,Biskuit
tango keju 20gr b8 k160,Makanan Ringan,Wafer
goon sb l k10(r),Perawatan Bayi,Popok
sosis kimbo otak 480gr k24,Makanan Instant,Sosis
susu indomilk botol strawberry 190ml (24btl),Minuman Dalam Kemasan,Susu
amplop garda 90 dus (60pcs),ATK,Amplop
sunlight 95ml (72),Sabun Cuci Piring,Antiseptik
molto 1000,Sabun Cuci Pakaian,Pengharum
candy kopiko blister 24gr (12box x 12pcs),Makanan Ringan,Permen
fatigon (15str),Obat Obatan,Multi Vitamin
syrup bangau dus 12x620ml,Sirop,Minuman Segar
sedap 1rb 31+3ml (12x12),Makanan Instant,Mie Instant
minuman rtd teh gelas cup 170ml (24cup),Minuman Dalam Kemasan,Teh
nabati ahh' 16gr b12,Makanan Ringan,Wafer
abc kecap manis 225ml k24,Bahan Masakan,Aneka Kecap
hilo thai tea 15gr,Minuman Sachet,Susu
racik tumis 22gr k10,Bahan Masakan,Bumbu & Penyedap
sambal belibis dus 12x335ml,Bahan Masakan,Aneka Sambal
biskuit inafood goodbis rose cream blueberry 200 gr (3slop x 7pcs),Makanan Ringan,Biskuit
stella spray rose 250ml,PKRT,Pengharum Ruangan
kopiko blister pack pls (isi 12),Makanan Ringan,Permen
giv papaya 76gr k72,Sabun Mandi,Antiseptik
geliga k pak 12x10g,Obat Luar,Balsam
softener sklbs tw red 14ml r4,Sabun Cuci Pakaian,Deterjen
rapika hijau 400ml,Sabun Cuci Pakaian,Deterjen
mlb lights 20 slp,Rokok,Rokok
rinso molto rose 46gr k6,Sabun Cuci Pakaian,Deterjen
sk pewangi violet 900ml,Sabun Cuci Pakaian,Pengharum
gula putih gmp,Bahan Masakan,Gula
minuman rtd tehrio original 200ml (24cup),Minuman Dalam Kemasan,Teh
coca cola 1l,Minuman Dalam Kemasan,Soft Drink
gg move 12,Rokok,Rokok
wafer stick gery chocolatos dark 1000an (6box x 20pcs),Makanan Ringan,Wafer
hit spray lily blossom 415ml,PKRT,Obat Nyamuk
arden cookies 12x30g,Makanan Ringan,Kue Kering
madurasa jeruk nipis botol 150gr,Minuman Dalam Kemasan,Multi Vitamin
sedap kari ayam 72gr k40,Makanan Instant,Mie Instant
abc white,Minuman Sachet,Kopi Instant
dk sukro ori 20gr,Makanan Ringan,Kacang-Kacangan
wafer stick sajuki premium jumbo vanila (6toples),Makanan Ringan,Wafer
magnum mild 16 slp,Rokok,Rokok
cake padimas cream cake brownis stroberi 12gr (10slop x 10pcs),Makanan Ringan,Kue Kering
sukro original 70g (ball),Makanan Ringan,Kacang-Kacangan
kobe tp kentucky 75gr,Bahan Makanan,Tepung
biskuit inafood goodbis crispy roasted chicken 135gr (4 slop x 6pcs),Makanan Ringan,Biskuit
astor 150g,Makanan Ringan,Wafer Cokelat
kobe tp putih 75gr,Bahan Makanan,Tepung
finna seleraku krpk udang,Makanan Instant,Kerupuk Kering
forte menthol 20 slp,Rokok,Rokok
candy foxs berries sak kecil baruuu 125g (24sak),Makanan Ringan,Permen
lavenda pink horal 8ml k24,PKRT,Obat Nyamuk
gd vanila latte,Minuman Sachet,Kopi Instant
marlboro merah,Rokok,Rokok
sarimi 2 goreng ikan teri125gr k24,Makanan Instant,Mie Instant
luwak hitam,Minuman Bubuk,Kopi Instant
susu kental manis frisian flag pouch putih 560g (24 pouch),SKM,Susu Kental
torabika cappucino 25gr k10,Minuman Bubuk,Kopi Instant
geliga tg @ 20 gr,Obat Luar,Balsam
kis grape mint 125g,Makanan Ringan,Permen
minuman air mineral pure life botol 600ml (24btl),Air Minum Dalam Kemasan,Botol
biskuit kokola kukis butter 218gr (4slop x 6pcs),Makanan Ringan,Biskuit
waisan 1gr b10,Obat Obatan,Obat Puyer
oskadon sp (25str),Obat Obatan,Obat Sakit Kepala
mp xl26 b4,Perawatan Bayi,Popok
fresnatural 70gr,Sabun Mandi,Antiseptik
peti telor,PRT,Peti
yupi bolicious strawberry (24x5g),Makanan Ringan,Permen
ff kal coklat,SKM,Susu Kental
sikat gigi formula,Perawatan Gigi,Sikat Gigi
sedap baso,Makanan Instant,Mie Instant
mogu mogu coconut 320ml,Minuman Dalam Kemasan,Botol
milo klg 240ml,Minuman Dalam Kemasan,Minuman Energy
susu serbuk dancow 5+ vanila 800 gr (12 box),Minuman Bubuk,Susu
lotte gum h wheels,Makanan Ringan,Permen Karet
garuda kacang kulit 180gr b4,Makanan Ringan,Kacang-Kacangan
salonpas gel 30gr,Obat Luar,Koyo
gurih malkist crackerst 125gr b5,Makanan Ringan,Biskuit
kapas sari ayu,PKRT,Kapas Pembersih Wajah
coklat simon loly 9gr (12box x 20pcs),Makanan Ringan,Cokelat
paseo wipes 10's 1+1,PKRT,Tisu
te vetro 230ml,Minuman Dalam Kemasan,Teh
gmen acno fight foam 100ml,Perawatan Tubuh,Pembersih Wajah
susu clevo uht ice cream cokelat 125ml (30 pcs),Minuman Dalam Kemasan,Susu
biskuit tim tam maxi 1000an keju (10 slop x 12 pcs),Makanan Ringan,Biskuit
sagu gunung,Bahan Makanan,Sagu
biskuit delux butter cookies kaleng 400gr (6 klg),Makanan Ringan,Biskuit
xxbihunku soto spcsl,Makanan Instant,Bihun Kering
soklin lantai 450ml,Sabun Cuci Lantai,Pembersih Ruangan
abc squash orange 525ml,Sirop,Minuman Segar
biosol sachet,Sabun Cuci Lantai,Pembersih Ruangan
ekonomi 5rb (e900) (12),Sabun Krim,Sabun Cuci Piring
rapika hijau 400ml k12,Sabun Cuci Pakaian,Deterjen
kwaci,Makanan Ringan,Kuaci
lifebouy sabun 80gr,Sabun Mandi,Antiseptik
clear shp ic menthol 70ml,Perawatan Rambut,Shampo
terigu payung 25 kg,Bahan Makanan,Terigu
sprite,Minuman Dalam Kemasan,Soft Drink
napacin (50str),Obat Obatan,Obat Sesak
bumbu bon cabe renteng 500an 2.5gr level 15 (20slop x 20pcs),Bahan Masakan,Kaldu & Penyedap
dj 76 12 slp,Rokok,Rokok
kacang ijo butek kgm (bagus) (bal),Makanan Ringan,Kacang-Kacangan
sikat baju bagus,PKRT,Sikat
sedap cup ayam bawang k12,Makanan Instant,Mie Instant
supermi sop buntut 75g,Makanan Instant,Mie Instant
kg ozlo coklat box,Makanan Ringan,Biskuit
biskuit oops rtg baruuu fried chiken 8 gr (12 rtg x 12 pcs),Makanan Ringan,Biskuit
roma malkist crackers 27gr k10,Makanan Ringan,Biskuit
sasa tbs original 80gr r12,Bahan Makanan,Tepung
sedaapmie goreng,Makanan Instant,Mie Instant
nabati rolls coklat 43gr,Makanan Ringan,Biskuit
monesco cookies 360 gr,Makanan Ringan,Kue Kering
koepoe tbm 35gr,Bahan Makanan,Pengemulsi
mie kremez 1000,Makanan Instant,Snack
abc sg melon 485ml k12,Sirop,Minuman Segar
rm arden,Makanan Ringan,Cokelat
astor 40g,Makanan Ringan,Wafer Cokelat
nano jeruk 12.5gr,Makanan Ringan,Permen
jahe merah amanah 23gr r20,Minuman Sachet,Minuman Herbal
kingkong bakar jumbo dus (isi 60),PKRT,Obat Nyamuk
frestea 350ml,Minuman Dalam Kemasan,Teh
moko2 pants m34,Perawatan Bayi,Popok
tolak angin cair dus (30pak),Obat Obatan,Jamu
rejoice rich 10ml k12,Perawatan Rambut,Shampo
wafer stick apilo spot strawberry 500gr (6 tpl),Makanan Ringan,Wafer
snack you you stick merah 20gr (10slop x 10pcs),Makanan Ringan,Snack
piatos barbeku 11gr r8,Makanan Ringan,Snack
milo sak dus [20(11x22g)],Minuman Sachet,Minuman Cokelat
milku,Minuman Dalam Kemasan,Botol
superpell yelow 800ml k12,Sabun Cuci Lantai,Pembersih Ruangan
gurih mlkst crackers 125gr,Makanan Ringan,Biskuit
jaz1 semerbak cinta 53gr k6,Sabun Cuci Pakaian,Deterjen
vipco minyak 2000ml,Bahan Masakan,Minyak Sayur
casablanka spray 65ml,Perawatan Tubuh,Pengharum
permen foxs coffe 90gr,Makanan Ringan,Permen
n.u greentea 500 ml,Minuman Dalam Kemasan,Teh
minuman rtd ale ale strawberry 200ml (24cup),Minuman Dalam Kemasan,Minuman Segar
wafer nissin coklat pack baru 2000an 50gr (12 slop x 5pcs),Makanan Ringan,Wafer
padimas lapis bluberry 11gr k24,Makanan Ringan,Kue Kering
maya sardenes 155gr,Makanan Kaleng,Ikan
total harum lemon softner 700g k12 (ctn),Sabun Cuci Pakaian,Deterjen
chitato bbq 68gr,Makanan Ringan,Snack
iso cup,Minuman Dalam Kemasan,Minuman Segar
waffle tango 8gr b10,Makanan Ringan,Biskuit
baterai abc 9v pak (12pcs),PRT,Baterai
kodomo bodywash 200ml,Sabun Mandi,Antiseptik
rootbeer,Minuman Dalam Kemasan,Soft Drink
oreo bolu,Makanan Ringan,Biskuit
astor sorr,Makanan Ringan,Biskuit
baygon tea blossom 225ml,PKRT,Obat Nyamuk
soklin pemutih 250ml k24,Sabun Cuci Pakaian,Pemutih
skm bendera cok kotak,SKM,Susu
lifebuoy mildcare reff 250ml,Sabun Mandi,Antiseptik
stella spray lemon 250ml,PKRT,Pengharum Ruangan
indomie aceh (40),Makanan Instant,Mie Instant
gery chocolatos hazel 8gr k20,Makanan Ringan,Biskuit
ns sari jahe 15gr k10,Minuman Sachet,Minuman Segar
mintz,Makanan Ringan,Permen
slai o'lai strawberi 128gr,Makanan Ringan,Biskuit
gatito cho 32gr,Makanan Ringan,Wafer
madu tj super 150g,Minuman Dalam Kemasan,Madu
bodrexin herbal batuk,Obat Obatan,Obat Kaplet
tessa grafis 500ply 250's k4,PKRT,Tisu
buku tulis tiara campus 10x38lbr,ATK,Buku Tulis
wafer roll's blueberry 15gr k10,Makanan Ringan,Wafer
ladaku sachet 2.5gr r6,Bahan Masakan,Kaldu & Penyedap
regal marie duo vanila 20gr k12,Makanan Ringan,Biskuit
charm wing 10's,Perlengkapan Kebersihan Wanita,Pembalut
juicy fruit 13.5gr k20,Makanan Ringan,Permen
nutrijell jellypowder stroberi 12x15g,Makanan Ringan,Agar-Agar
swallow agar hijau,Makanan Ringan,Agar-Agar
ha ha mie,Makanan Ringan,Snack
jasjus jeruk nipis 8gr r5,Minuman Sachet,Minuman Segar
cb oil 100ml,Perawatan Bayi,Minyak Bayi
sakura white day cream 18ml,Perawatan Tubuh,Krim Wajah
cimory mixed berry 70ml k5,Minuman Dalam Kemasan,Susu
susu kental manis frisian flag gold 370gr k48,SKM,Susu Kental
minuman serbuk teh teajus melati 8gr (6slop x 60pcs),Minuman Sachet,Teh
lifebouy shampoo anti dandruff,Perawatan Rambut,Shampo
teh botol kotak sosro 330ml,Minuman Dalam Kemasan,Botol
mie gelas soto,Makanan Instant,Mie Instant
snack o-mac shell sambal teri (6rtg x 10pcs),Makanan Ringan,Snack
snack o-mac shell level 5 (6rtg x 10pcs),Makanan Ringan,Snack
obh combi anak 60 ml,Obat Obatan,Obat Cair
soklin lantai biru 25ml b6,Sabun Cuci Lantai,Pembersih Ruangan
nasional kecap btl 625ml,Bahan Masakan,Aneka Kecap
top ice,Minuman Sachet,Cokelat
sprite 1l,Minuman Dalam Kemasan,Soft Drink
abc sardines tomat 425gr k24,Makanan Kaleng,Ikan
"wafer roma choco blast 53,5gr (6slopx10pcs)",Makanan Ringan,Wafer
susu serbuk dancow 3+ coklat 800gr (12 box),Minuman Bubuk,Susu
neo tiramisu,Minuman Sachet,Minuman Segar
esputer white kofie 6gr k10,Minuman Sachet,Minuman Segar
glico pocky choco 47gr k12,Makanan Ringan,Biskuit
yupi strawberry kiss dus (24x120g),Makanan Ringan,Permen
sedap 70ml (48),Makanan Instant,Mie Instant
rapika ungu 8ml r6,PKRT,Pengharum
dm terigu cakra mie 25 kg,Bahan Makanan,Terigu
charm night 35cm 2p,Perlengkapan Kebersihan Wanita,Pembalut
biskuit hollanda butter cookies kaleng besar 450gr (6klg),Makanan Ringan,Biskuit
hit mat,PKRT,Obat Nyamuk
zen soap putih 80+25g,Sabun Mandi,Antiseptik
prima vanila 29gr k10,Makanan Ringan,Sereal
alkaline aa pak 24x2pcs,PRT,Baterai
stella refill premium caffe latte 225ml,PKRT,Pengharum Ruangan
soklin lantai pch pine 800ml,Sabun Cuci Lantai,Pembersih Ruangan
tong tji celup original 25 dus (isi 50),Teh Kemasan,Teh Celup
padimas lapis pandan 11gr b8,Makanan Ringan,Kue Kering
wafer stick gery astor coklat kaleng 450gr (6klg),Makanan Ringan,Wafer
bintang 7 no.16,Obat Obatan,Obat Puyer
chitato bbq 35gr k40,Makanan Ringan,Snack
piatos keju 11gr b4,Makanan Ringan,Snack
prim-a 240ml k48,Air Minum Dalam Kemasan,Botol
tepung beras rose brand 200 gr,Bahan Makanan,Tepung
roma marie susu 115 gr,Makanan Ringan,Biskuit
power f 190 ml,Minuman Dalam Kemasan,Minuman Segar
levios 600 ml,Air Minum Dalam Kemasan,Botol
rolls rce 8gr,Makanan Ringan,Snack
pen biru,ATK,Pulpen
kodomo pg grapes 45gr,Perawatan Gigi,Pasta Gigi
pepsodent whtng 190 g,Perawatan Gigi,Pasta Gigi
hemaviton jreng dus 18x10x10s,Minuman Sachet,Multi Vitamin
sidu buku tulis 38lbr,ATK,Buku Tulis
ovale kertas minyak,Perawatan Tubuh,Lotion
sangobion @10 tablet,Obat Obatan,Obat Kaplet
snack shaun the sheep pizza baru (8rtg x 10pcs),Makanan Ringan,Snack
minuman serbuk frenta rasa kembang gula 7gr (10slop x 6rtg x 10pcs),Minuman Sachet,Minuman Segar
simba cereal 2in1 45gr,Makanan Ringan,Sereal
indofood sambal ekstra pedas 275ml k24,Bahan Masakan,Aneka Sambal
minuman rtd teh gelas botol botol botol 500ml (12btl),Minuman Dalam Kemasan,Teh
good day btl mocacinno 250ml,Minuman Dalam Kemasan,Kopi Instant
kecap bango pch 550ml,Bahan Masakan,Kecap
cimory manggo 250ml,Minuman Dalam Kemasan,Susu
enaak skm plain 370gr,SKM,Susu Kental
roma festive treats 775g,Makanan Ringan,Biskuit
nutrijel ekonomis 12,Makanan Ringan,Agar-Agar
mylanta tablet,Obat Obatan,Obat Kaplet
giv soap warm fresh caress 80g,Sabun Mandi,Antiseptik
garnier lc foam 50ml,Perawatan Tubuh,Sabun Cuci Wajah
minuman serbuk es puter cappucino 6gr (6slop x 12rtg x 10pcs),Minuman Sachet,Minuman Segar
lif bw lemonfresh reff 450ml,Sabun Mandi,Antiseptik
snack gery snack & sereal 2000an 30g (8slop x 5pcs),Makanan Ringan,Snack
zuperkeju 27gr b3,Makanan Ringan,Biskuit
jm pegel linu,Obat Obatan,Obat Herbal
adem sari chingku,Minuman Sachet,Minuman Herbal
max tea tarikk pak 30x25g,Minuman Sachet,Teh Instant
jujur b 900ml (12),Bahan Masakan,Minyak Sayur
segitiga biru 1kg,Bahan Makanan,Terigu
twister capuppucino 20gr b10,Makanan Ringan,Biskuit
chacha coklat 13gr r3,Makanan Ringan,Cokelat
cho cho joy 50gr b2,Makanan Ringan,Cokelat
candy yupi sweet lychee box 500an 5gr (12box x 24pcs),Makanan Ringan,Permen
madu tj panas dalam 150g,Minuman Dalam Kemasan,Madu
indomilk skm plain 370gr,SKM,Susu Kental
gula merah coin,Bahan Masakan,Gula
baygon max lavender @5,PKRT,Obat Nyamuk
pulpy cup,Minuman Dalam Kemasan,Minuman Segar
susu milo uht 190ml (36pcs),Minuman Dalam Kemasan,Susu
wafer nabati richeese l1 145gr 4000an (24pcs),Makanan Ringan,Wafer
tissue gatsby (5lbr),Perawatan Tubuh,Tisu
extrajoss anggur,Minuman Sachet,Minuman Energy
mayonaise maestro 180gr,Bahan Makanan,Mayonaise
sweety bronze m(34+4),Perawatan Bayi,Popok
vita jelly markisa 170ml,Makanan Ringan,Agar-Agar
sikat gigi formula r soft (12pcs),Perawatan Gigi,Sikat Gigi
milo 22gr new (20x11),Minuman Bubuk,Minuman Segar
chuba balado 10gr b12,Makanan Ringan,Snack
candy dancing pop 5gr (6box x 40pcs),Makanan Ringan,Permen
coklat silver queen cashew jar 40gr (6jar x 12pcs),Makanan Ringan,Cokelat
tessa travel 50' k80,PKRT,Tisu
minyak goreng bimoli special refill 1 liter (12 pouch),Bahan Masakan,Minyak Sayur
ching ku herbal tea klg 325ml,Minuman Dalam Kemasan,Minuman Herbal
fresco kopi krim susu 28g,Minuman Bubuk,Kopi Instant
leanet tictic,Makanan Ringan,Snack
tolak linu mint 15ml k5,Obat Obatan,Obat Cair
luwak white koffie 20gr k10,Minuman Sachet,Kopi Instant
merries xl-1,Perawatan Bayi,Popok
susu serbuk dancow 5+ coklat 1 kg (12 box),Minuman Bubuk,Susu
mie sedap goreng dus (isi 40),Makanan Instant,Mie Instant
nuvo 250ml,Sabun Mandi,Antiseptik
royco ayam 12x9g,Bahan Masakan,Kaldu & Penyedap
axo 600ml,Air Minum Dalam Kemasan,Botol
ladaku,Bahan Masakan,Kaldu & Penyedap
susu beruang (30),Minuman Dalam Kemasan,Susu
gula pms 1kg k20,Bahan Masakan,Gula
telon lang plus 30ml,Obat Luar,Minyak Gosok
kacang kulit garuda 400gr (20 pcs),Makanan Ringan,Biskuit
minyak gelas 200 ml,Bahan Masakan,Minyak Sayur
tango wafer dus 24x176g,Makanan Ringan,Wafer
wonderland biscuits kelapa 300gr k24,Makanan Ringan,Biskuit
glade lemon 250ml,PKRT,Pengharum
q guava 350 ml,Minuman Dalam Kemasan,Minuman Segar
bihunku grg special,Makanan Instant,Bihun Instant
gilus pandan 12rtg,Minuman Sachet,Kopi Instant
bakau warning bal (20bks),Rokok,Rokok
yupi milly moos (24x8g),Makanan Ringan,Permen
superior mi grg krtg,Makanan Instant,Mie Instant
bawang putih,Bahan Masakan,Kaldu & Penyedap
kacang garing dua kelinci 18gr b8,Makanan Ringan,Kacang-Kacangan
la ice,Rokok,Rokok
clevo stroberi 200ml k24,Minuman Dalam Kemasan,Susu
decolgen @ 25,Obat Obatan,Obat Kaplet
buavita mangga 250ml k24,Minuman Dalam Kemasan,Minuman Segar
coco es teler k24,Minuman Dalam Kemasan,Minuman Segar
kopi top capucino (12rtg),Minuman Sachet,Kopi Instant
skm enak kaleng cok (48),SKM,Susu
procold flu @6,Obat Obatan,Obat Kaplet
roma malkist tiramisu 120gr,Makanan Ringan,Biskuit
gery malkist coklat kelapa 105g,Makanan Ringan,Biskuit
close up 160gr,Perawatan Gigi,Pasta Gigi
indomie goreng (40),Makanan Instant,Mie Instant
pepsodent triple clean medium b6,Perawatan Gigi,Pasta Gigi
candy kapal api espresso kopi susu 145gr (24sak),Makanan Ringan,Permen
sakura white foam 50ml,Perawatan Tubuh,Krim Wajah
my shaldan lemon 70gr,PKRT,Pengharum
giv coklat honey 76gr k72,Sabun Mandi,Antiseptik
mie lemonilo kari,Makanan Instant,Mie Instant
yupi little stars (24x8g),Makanan Ringan,Permen
good day chococino 20gr b5,Minuman Bubuk,Kopi Instant
rg fruity guava 60 ml,Minuman Dalam Kemasan,Susu
roma biskuit kelapa dus 24x300g,Makanan Ringan,Biskuit
lifebuoy mildcare 80gr k144,Sabun Mandi,Antiseptik
gendisku s-1000 dus (isi 15),Bahan Masakan,Gula
kerupuk bawang 2tenggiri 4.5kg,Makanan Ringan,Kerupuk
nissin wafers klg dus 6x570g,Makanan Ringan,Biskuit
susu serbuk dancow 1+ vanila 1 kg (12 box),Minuman Bubuk,Susu
belibis saos cabe 135ml,Bahan Masakan,Aneka Sambal
snack miko nangka baru (8rtg x 10pcs),Makanan Ringan,Snack
minuman rtd sosro fruit tea pet x-treme 500ml (24pet),Minuman Dalam Kemasan,Teh
gelas prima 16 b40,PRT,Gelas Plastik
kopiko 78 c mocharetta 240ml k12,Minuman Dalam Kemasan,Kopi
mm terigu cakra kembar e-cpn 25 kg,Bahan Makanan,Terigu
bayclin reg 500ml,Sabun Cuci Pakaian,Pemutih
susu kental manis indomilk coklat 40g r20 k120,SKM,Susu Kental
lifebouy shampoo hair fall 70ml,Perawatan Rambut,Shampo
tea jus melati 8gr k10,Minuman Sachet,Teh
minuman rtd ale ale leci 180ml (24cup),Minuman Dalam Kemasan,Minuman Segar
soklin pewangi ungu 20ml b6 (6+1),Sabun Cuci Pakaian,Pengharum
pen faster (12pcs),ATK,Pulpen
sikat lantai medium,PKRT,Sikat Lantai
bendera skm 370gr,SKM,Susu Kental
scafe stroberi 25gr k10,Minuman Sachet,Minuman Segar
emeron hair fall 170ml,Perawatan Rambut,Shampo
nabati roll,Makanan Ringan,Wafer
nabati rolls coklat 8gr k20,Makanan Ringan,Biskuit
antaka 1kg sapi panggang (20),Bahan Masakan,Kaldu & Penyedap
agar2 swl putih 7gr k12,Makanan Ringan,Agar-Agar
plastik kereta ht 20-17 180gr,PRT,Plastik
fox 150 gr,Alat Pertukangan,Lem
permen tolak angin pls 20x5btr,Obat Obatan,Permen Obat
djarum coklat,Rokok,Rokok
okky jely mangga,Minuman Dalam Kemasan,Jelly
rm wfr choco blast klg,Makanan Ringan,Wafer
menara margarin 15kg,Bahan Makanan,Mentega
donal stik puding toples 30gr k40,Makanan Ringan,Agar-Agar
swallow kamper 100gr,PKRT,Pengharum
wafer stick veritop golden long stick 725gr (6 toples),Makanan Ringan,Wafer
serena monde,Makanan Ringan,Snack
choco gold 200gr b12,Makanan Ringan,Permen
candy kis mint festive ass 150g (18top),Makanan Ringan,Permen
snack simba sereal 2 in 1 strawberry 24gr (36cup),Makanan Ringan,Snack
glico pocky strawberry 47gr k12,Makanan Ringan,Biskuit
jaz1 pesona segar 53gr r24 k144,Sabun Cuci Pakaian,Deterjen
fresnatural white 70gr,Sabun Mandi,Antiseptik
kecap nasional pch 520ml,Bahan Masakan,Kecap
gulaku hijau 500g,Bahan Masakan,Gula
kopiko latte,Minuman Dalam Kemasan,Kopi Instant
k.a grande,Minuman Dalam Kemasan,Kopi Instant
abc kac hijau 200ml,Minuman Dalam Kemasan,Sari Kacang Hijau
donal puding cup toples tissue 27gr b3,Makanan Ringan,Agar-Agar
sunco 2l,Bahan Masakan,Minyak Sayur
luwak caramel,Minuman Sachet,Kopi Instant
nabati keju 145gr,Makanan Ringan,Wafer
sweety s,Perawatan Bayi,Popok
wafer nabati richoco white 19g 1000an ( 6box x 20pcs),Makanan Ringan,Wafer
ciptadent maxi/ice tube 120gr k12,Perawatan Gigi,Pasta Gigi
marimas,Minuman Sachet,Minuman Segar
vanish btl dus 12x500ml,Sabun Cuci Pakaian,Pemutih
abc kecap manis b135ml (48),Bahan Masakan,Aneka Kecap
sunlight 210ml,Sabun Cuci Piring,Sabun Cuci Piring
buavita mangga 250ml,Minuman Dalam Kemasan,Minuman Segar
kecap abc meja 135ml dus,Bahan Masakan,Aneka Kecap
wipol 45ml,Sabun Cuci Lantai,Pembersih Ruangan
cake sm bolu jacko stroberi (12box x 24pcs),Makanan Ringan,Kue Kering
asepso soap dus 144x80g,Sabun Mandi,Antiseptik
charm wing20p 23cm b24,Perlengkapan Kebersihan Wanita,Pembalut
gg international 12 slp,Rokok,Rokok
diapet anak 10ml,Obat Obatan,Obat Kaplet
fullo blasto 16x16g,Makanan Ringan,Biskuit
sambal rawit sachet,Bahan Masakan,Aneka Sambal
soklin pewangi dus 12x900ml,Sabun Cuci Pakaian,Pengharum
woods batuk berdahak 60ml,Obat Obatan,Obat Batuk
biskuit roma kelapa lux 450 gr ( 6 kaleng ),Makanan Ringan,Biskuit
cuka dixi 150ml,Bahan Masakan,Cuka
uj kcg hijau 150ml,Minuman Dalam Kemasan,Minuman Segar
visine mata,Obat Luar,Obat Mata
skln sftrgnt 770gr,Sabun Cuci Pakaian,Deterjen
cerebrofort strawberry 100gr,Obat Obatan,Multi Vitamin
margarin forvita refill 200gr (60pcs),Bahan Makanan,Mentega
torabika gilus mix 10x23g,Minuman Sachet,Kopi Instant
tolak angin cair flu 15ml k12,Obat Obatan,Obat Cair
padimas bolu lapis pandan,Makanan Ringan,Kue Kering
susu kental manis indomilk putih 37gr r20 k120,SKM,Susu Kental
migelas ayam bawang 28gr r12,Makanan Instant,Mie Instant
soklin pewangi ungu 20ml r4 (6+1),Sabun Cuci Pakaian,Pengharum
nu milk tea teh tarik 330ml k24,Minuman Dalam Kemasan,Teh
candy alpenliebe stroberi sak 125gr (40sak),Makanan Ringan,Permen
biskuit roma malkist krim keju manis 23gr (12 slop x 10 pcs),Makanan Ringan,Biskuit
lifebouy shampoo strong&shiny 70ml,Perawatan Rambut,Shampo
segar sari ss strawbery 20gr b4,Minuman Sachet,Minuman Segar
sasa santan powder 23gr r10,Bahan Masakan,Kaldu & Penyedap
hemaviton energi drink,Minuman Dalam Kemasan,Minuman Energy
amo bananarama 14gr,Makanan Ringan,Wafer
masako sapi 11gr b6,Bahan Masakan,Kaldu & Penyedap
mama green tea 400ml k12,Sabun Cuci Piring,Antiseptik
club 600ml,Air Minum Dalam Kemasan,Botol
betadine dus 24x6x5ml,Obat Luar,Obat Luka
fullo vanilla 9gr b6,Makanan Ringan,Biskuit
nutrijel anggur 10gr,Makanan Ringan,Agar-Agar
iyes bawang 5gr r15 k150,Makanan Ringan,Kacang-Kacangan
cimory anggur 250ml,Minuman Dalam Kemasan,Susu
chocolatos mini dark 33gr,Makanan Ringan,Snack
salep 88 pak (isi 12),Obat Luar,Obat Otot
kapas selection k dus 12x12x35g,Perawatan Tubuh,Kapas Pembersih Wajah
biskuit oops rtg baruuu baked chiken tomato 8 gr (12 rtg x 12 pcs),Makanan Ringan,Biskuit
snack momogi baruu rasa coklat (8box x 20pcs),Makanan Ringan,Snack
pop mie ayam bawang 75gr k24,Makanan Instant,Mie Instant
sun kara santan 200ml,Bahan Masakan,Kaldu & Penyedap
terigu cakra kembar ekonomis (12),Bahan Makanan,Terigu
timtam vanila 16gr k12,Makanan Ringan,Biskuit
homesnow,Perawatan Tubuh,Krim Wajah
gery malkist gandum ctn 20x105g,Makanan Ringan,Biskuit
gar lc sachet 7ml,Perawatan Tubuh,Pembersih Wajah
tango vanilla 47gr,Makanan Ringan,Biskuit
marlboro filter black,Rokok,Rokok
abc terasi udang (36),Makanan Kaleng,Terasi
pewangi downy parfum collection daring 20ml (60 rtg x 6 pcs),PKRT,Pengharum
panda grass 310ml,Minuman Dalam Kemasan,Minuman Segar
madurasa jeruk,Obat Obatan,Obat Cair
wafer biggy keju 15gr (10slop x 10pcs),Makanan Ringan,Wafer
candy collins butternut sak kecil 160gr baru (28 sak),Makanan Ringan,Permen
wafer fortius rasa coklat bluebery 250gr(2slopx5pcs),Makanan Ringan,Wafer
minuman serbuk nutrisari baruuu oriental leci 11gr (18slop x 4rtg x 10pcs),Minuman Sachet,Minuman Segar
minuman serbuk marimas nanas (6slop x 12rtg x 10pcs),Minuman Sachet,Minuman Segar
biskuit biskitop stick vegetable and cheese 60gr (40pack),Makanan Ringan,Biskuit
biskuit inafood goodbis rose cream bonbon 200gr (3slop x 7pcs),Makanan Ringan,Biskuit
top kopi murni 165gr k24,Minuman Bubuk,Kopi Instant
rebo kwaci ori 13gr,Makanan Ringan,Kuaci
teh celup poci sachet,Teh Kemasan,Teh Celup
candy yupi aquarium box 1000an (12box x 12pcs),Makanan Ringan,Jelly
antimo anak (10x5ml),Obat Obatan,Obat Mabok
good day coolin 10x20g,Minuman Sachet,Kopi Instant
masako sapi 11gr r10,Bahan Masakan,Kaldu & Penyedap
ultrasilin 5 g,Obat Luar,Salep
glass cleaner blue 410ml,PKRT,Pembersih Kaca
minyak sayur,Bahan Masakan,Minyak Sayur
snack mikako balado 26gr (10slop x 10pc),Makanan Ringan,Snack
spons sabut ekonomis b8 k96,PKRT,Spons
lemineral 600 ml,Air Minum Dalam Kemasan,Botol
aqua 1500,Air Minum Dalam Kemasan,Botol
minuman rtd okky koko drink leci 150ml (24 gls),Minuman Dalam Kemasan,Minuman Segar
gs mlkst kelapa 110gr,Makanan Ringan,Biskuit
kit kat 4f 35gr,Makanan Ringan,Cokelat
sasha antibacteri 150gr k3,Perawatan Gigi,Pasta Gigi
kuku bima 12 kotak x 10kotak,Minuman Sachet,Minuman Energy
pristine 400ml k24,Air Minum Dalam Kemasan,Botol
kupu kupu @12 sachet,Obat Obatan,Obat Puyer
biskuit milna *1500*,Makanan Ringan,Biskuit
la bold,Rokok,Rokok
envio kretek 12 bal (20slp),Rokok,Rokok
234 kretek 12,Rokok,Rokok
supersol pine pouch 800ml k12,Sabun Cuci Lantai,Pembersih Ruangan
max tea tarikk dus 8x50x25g,Minuman Sachet,Teh Instant
snack new momogi stick twist 30gr (6slop x 5pc),Makanan Ringan,Snack
levite lemon 350 ml,Minuman Dalam Kemasan,Minuman Segar
snack mie kremezz shorr biasa 12gr (6box x 24pcs),Makanan Ringan,Snack
kopiko 78 c caramel frappe 240ml k12,Minuman Dalam Kemasan,Kopi
wafer beng-beng max 32gr (8box x 12pcs),Makanan Ringan,Cokelat
lifebuoy shp anti ketombe 12x9ml,Perawatan Rambut,Shampo
herocyn 85gr,Perawatan Tubuh,Bedak
snack nabati siip keju 6.5gr baruuu (8box 20pcs),Makanan Ringan,Snack
sabun garnier turbo light men 10ml (20rtg x 12pcs),Sabun Mandi,Antiseptik
kis aplle peach gelas 500gr,Makanan Ringan,Permen
antimo dewasa,Obat Obatan,Obat Kaplet
cb terigu lencana merah e-cpn 25 kg,Bahan Makanan,Terigu
kratingdeng,Minuman Dalam Kemasan,Minuman Energy
rheumacyl,Obat Obatan,Obat Kaplet
aqua 220 ml,Air Minum Dalam Kemasan,Gelas
gt electrical tape,Alat Pertukangan,Lem
lavenda orange 8gr b12,PKRT,Pengharum
pants mamy poko standart l20+2 (6packx20pcs+2),Perawatan Bayi,Popok
emeron (20x12),Perawatan Rambut,Shampo
pants mamy poko standart m1 (20rtg x 6pcs),Perawatan Bayi,Popok
fullo vanilla 24x10.5g,Makanan Ringan,Biskuit
candy collins butternut 110gr sak kecil (30sak),Makanan Ringan,Permen
good day chococinno 10x20g,Minuman Sachet,Kopi Instant
baygon spray tea blossom 225ml,PKRT,Obat Nyamuk
minuman serbuk nutrisari sweet manggo 14gr (18slop x 4rtg x 10pcs),Minuman Sachet,Minuman Segar
snack spix soba kentang bbq 12gr (4slop x 2rtg x 10pcs),Makanan Ringan,Snack
my baby powder 50gr,Perawatan Bayi,Bedak Bayi
mie indomie kuah rasa soto special 75gr (40 pcs),Makanan Instant,Mie Instant
fox's fruits tin 180gr k12,Makanan Ringan,Permen
gery malkist keju 110g,Makanan Ringan,Biskuit
biore facial mild 40gr,Perawatan Tubuh,Krim Wajah
pocky stroberi mini,Makanan Ringan,Snack
susu bantal real good kecil jeruk 60 ml (48pcs),Minuman Dalam Kemasan,Susu
candy relaxa barley mint (24 sak),Makanan Ringan,Permen
sprite e5000,Minuman Dalam Kemasan,Soft Drink
gula merah kantong,Bahan Masakan,Gula
minyak wijen mth b300ml (24),Bahan Masakan,Minyak Sayur
scafe blackcurrant 25gr r5,Minuman Sachet,Minuman Segar
w350k biru 91gr r12,Sabun Krim,Deterjen
soklin liquid 1000 (5pakx24),Sabun Cuci Lantai,Pembersih Ruangan
sk liq antibact 24ml b5,Sabun Cuci Pakaian,Deterjen
vanili kapak,PKRT,Pengharum
pocari sweat pet 350ml,Minuman Dalam Kemasan,Minuman Segar
kopiko mochareta 240ml,Minuman Dalam Kemasan,Kopi Instant
saori teriyaki b135 (24),Bahan Masakan,Kaldu & Penyedap
biskuit pocky stick strawberry 11gr (10 box x 12 pcs),Makanan Ringan,Biskuit
rg stroberi 55ml k48,Minuman Dalam Kemasan,Minuman Segar
stella refill matic orange 225ml,PKRT,Pengharum Ruangan
gery chocolatos dark 16gr b6,Makanan Ringan,Biskuit
minuman air mineral agro botol 600ml (24 btl),Air Minum Dalam Kemasan,Botol
pepsodent herbal pak 12x75g,Perawatan Gigi,Pasta Gigi
wafer stick gery chocolatos hazelnut 16gr (6box x 20pcs),Makanan Ringan,Wafer
madu enak stick jeruk 15gr (20 box x 20 pcs),Minuman Sachet,Madu
rapika @6,PKRT,Pengharum
wafer superstar triple coklat 18gr (12box x 12pcs),Makanan Ringan,Wafer
pilus mie goreng 22gr b5,Makanan Ringan,Snack
kukubima mangga,Minuman Sachet,Minuman Energy
cimory blueberry 70ml b20,Minuman Dalam Kemasan,Susu
mp l44 b4,Perawatan Bayi,Popok
mie gaga 1000,Makanan Instant,Mie Instant
gowell taro 29gr r6,Minuman Sachet,Sereal
nutriboost stroberi 180ml,Minuman Dalam Kemasan,Soft Drink
nutrijell myvla vanila 60g,Makanan Ringan,Agar-Agar
lifebouy cair 100ml,Sabun Mandi,Antiseptik
kecap sedap pch dus 48x70ml,Bahan Masakan,Kecap
tango strawberry 47gr b6 k60,Makanan Ringan,Biskuit
bayclin 100ml k12,Sabun Cuci Pakaian,Pemutih
sk liq perfume 24ml k12+1,Sabun Cuci Pakaian,Deterjen
gg international klg 50 slp,Rokok,Rokok
sasa tep pisang,Bahan Masakan,Kaldu & Penyedap
giv biru silk&minerals 76gr k72,Sabun Mandi,Antiseptik
prim-a 330ml k24,Air Minum Dalam Kemasan,Botol
geliga krim 30gr,Obat Luar,Krim Gosok
clevo coklat 125ml,Minuman Dalam Kemasan,Susu
kopi torabika jahe susu 20g (12rtg x 10 pcs),Minuman Sachet,Kopi Instant
dk kcg bawang 15gr,Makanan Ringan,Kacang-Kacangan
candy sm cucu pop milk flavour 10gr (10 slop x 20 pcs),Makanan Ringan,Permen
sikat cuci eterna,Perawatan Gigi,Sikat Gigi
charm wing 23cm @15,Perlengkapan Kebersihan Wanita,Pembalut
gulaku kuning dus 24x1kg,Bahan Masakan,Gula
vip 12 bal (20 slp),Rokok,Rokok
richeese nabati 2000 m1 dus (isi 60),Makanan Ringan,Biskuit
smartc lemon 350ml k12,Minuman Dalam Kemasan,Minuman Segar
snack tic tic besar rasa bawang 70gr (20 pcs),Makanan Ringan,Snack
le minerale 1500ml,Air Minum Dalam Kemasan,Botol
gery malkist coconut 36gr.,Makanan Ringan,Biskuit
momogi coklat 20x8g,Makanan Ringan,Snack
nu green tea original 450ml,Minuman Dalam Kemasan,Botol
cho cho joy 50gr,Makanan Ringan,Cokelat
vicks formula 44 sak 12x2x5ml,Obat Obatan,Obat Gosok
mintz cherrymint 115gr,Makanan Ringan,Permen
shinzui matsu 90gr k144,Sabun Mandi,Antiseptik
zwitsal hair & body 50ml,Perawatan Bayi,Sabun & Shampo
minuman serbuk beng beng drink coklat 30gr (8rtg x 10pcs),Minuman Sachet,Minuman Cokelat
simba chips 30gr k5,Makanan Ringan,Cokelat
glico pocky choco banana 47gr,Makanan Ringan,Biskuit
vicks formula 44 pak 6x27ml,Obat Obatan,Obat Gosok
pop ice coklat,Minuman Sachet,Minuman Segar
fanta pet stawbery 360ml,Minuman Dalam Kemasan,Soft Drink
ff mikky strw 180ml,Minuman Dalam Kemasan,Susu
nissin wafer coklat 570gr,Makanan Ringan,Biskuit
ponds pw ff 100 g,Perawatan Tubuh,Pembersih Wajah
softener soklin merah 900ml k12,Sabun Cuci Pakaian,Deterjen
sunlight 755ml,Sabun Cuci Piring,Antiseptik
candy kapal api espresso mocacinno 145gr (24sak),Makanan Ringan,Permen
fatigon tab 4's,Obat Obatan,Obat Kaplet
sunlight 400ml (24),Sabun Cuci Piring,Antiseptik
cerelac b.merah,Perawatan Bayi,Sereal Bayi
sk lantai gold 25ml r4,Sabun Cuci Lantai,Pembersih Ruangan
ind bumbu gulai kambing,Bahan Masakan,Kaldu & Penyedap
nutrisari sak pak 4x10s,Minuman Sachet,Minuman Segar
roma susu rcg,Makanan Ringan,Biskuit
vicks vaporub k 10g,Obat Luar,Obat Gosok
gs malkist dark 18gr r2,Makanan Ringan,Biskuit
minuman rtd yeos kotak soya bean milk 250ml (4slop x 6pcs),Minuman Dalam Kemasan,Minuman Segar
tissue e2000,PKRT,Tisu
goon sb xl20,Perawatan Bayi,Popok
coklat roundies toples 3.6gr (8tpls),Makanan Ringan,Cokelat
oreo vanila 29.4gr (12+1),Makanan Ringan,Biskuit
shz ume iseya 100ml k48,Sabun Mandi,Antiseptik
cb oil 50ml,Perawatan Bayi,Minyak Bayi
desaku bubuk lodeh,Bahan Masakan,Kaldu & Penyedap
dk pilus 10gr,Makanan Ringan,Snack
meidy selai stroberi pak (6gls),Makanan Sarapan,Selai
energen vanilla 29gr r16,Minuman Sachet,Sereal
gula bintang 8 (210gr 60pcs),Bahan Masakan,Gula
garam jempol kecil (40),Bahan Masakan,Garam
bihun putri salju 1kg,Bahan Makanan,Bihun Kering
tango wfr cklt 47gr,Makanan Ringan,Wafer
my baby sweet floral 125gr k6,Perawatan Bayi,Bedak Bayi
total lemon 380gr k14,Sabun Cuci Pakaian,Deterjen
roma kelapa bsr @7,Makanan Ringan,Biskuit
larutan anak,Minuman Dalam Kemasan,Minuman Segar
uj milk strobery 125ml,Minuman Dalam Kemasan,Susu
sosis kimbo sapi 480gr k24,Makanan Instant,Sosis
gula pasir matahari/pns,Bahan Masakan,Gula
tricks original 10x20g,Makanan Ringan,Snack
buku sidu 10x58lbr,ATK,Buku Tulis
biskuit belvita susu sereal 20gr (18pack),Makanan Ringan,Biskuit
protex non gel r24,Perlengkapan Kebersihan Wanita,Pembalut
total harum bunga softener 350gr,Sabun Cuci Pakaian,Deterjen
downy 1000 dus 360x20ml,Sabun Cuci Pakaian,Deterjen
biskuit biskitop handle black vanila cream kaleng 400gr (6klng),Makanan Ringan,Biskuit
oreo mini pch dus 6x10x20.4g,Makanan Ringan,Biskuit
kacang tanah / kg,Makanan Ringan,Kacang-Kacangan
kunyit desaku 10gr r2,Bahan Masakan,Bumbu & Penyedap
sukro original 140g,Makanan Ringan,Kacang-Kacangan
sk softgent merah 50gr k6,Sabun Cuci Pakaian,Deterjen
usagi caramel 12gr k10,Makanan Ringan,Snack
kispray gold 11ml r6,PKRT,Pengharum
susu clevo coklat 125ml (30pcs),Minuman Dalam Kemasan,Susu
ciptadent 75gr,Perawatan Gigi,Pasta Gigi
pantene anti dandruff 5ml k12,Perawatan Rambut,Shampo
piatos keju 11gr k20,Makanan Ringan,Snack
minuman rtd sosro fruit tea kaleng rasa apel 318ml (24 klg),Minuman Dalam Kemasan,Teh
nextar nanas 10x42g,Makanan Ringan,Biskuit
marimas jeruk peras 8gr k10,Sirop,Minuman Segar
obat mixagrip flu & batuk (64 box),Obat Obatan,Obat Kaplet
resto 360ml,Bahan Masakan,Minyak Sayur
minuman rtd sosro fruit tea stroberi 200ml (24pcs),Minuman Dalam Kemasan,Teh
pop ice mangga,Minuman Sachet,Minuman Segar
kis cherry mint 125g,Makanan Ringan,Permen
nice facial 40's,PKRT,Tisu
yosan bubble gum dus 40x24,Makanan Ringan,Permen Karet
tango wfr cklt 130gr,Makanan Ringan,Wafer
sedap cup goreng 85gr,Makanan Instant,Mie Instant
mie sedaap kuah ayam bawang 70gr (40pcs),Makanan Instant,Mie Instant
"selimut rco 9,5gr",Makanan Ringan,Kue Kering
biskuit gery malkist kelapa besar (20pcs),Makanan Ringan,Biskuit
syrup marjan melon 460ml,Sirop,Minuman Segar
nuvo soap fresh protect 76g,Sabun Mandi,Antiseptik
soklin lantai ungu 25ml k12,Sabun Cuci Lantai,Pembersih Ruangan
yupi ice cream cone (24x9g),Makanan Ringan,Permen
saos 58 (refill) 600ml,Bahan Masakan,Aneka Sambal
tropical minyak 2l,Bahan Masakan,Minyak Sayur
alpenliebe stroberi 125gr k50,Makanan Ringan,Permen
ktg loco htm 24,PRT,Plastik
larutan k3 orange 320ml,Minuman Dalam Kemasan,Minuman Segar
sr togo siip cklt 14.5gr,Makanan Ringan,Biskuit
daia pink 305gr k22,Sabun Cuci Pakaian,Deterjen
mbk super dus (isi 30),Perawatan Tubuh,Deodorant
handsome lem korea pak (50pcs),Alat Pertukangan,Lem
saori lada hitam 26ml r8,Bahan Masakan,Aneka Sambal
mintz grapemint 115gr,Makanan Ringan,Permen
roma coklat kotak,Makanan Ringan,Biskuit
minuman rtd ultra sari kacang ijo 250ml (24pcs),Minuman Dalam Kemasan,Minuman Segar
chiki balls keju 10gr,Makanan Ringan,Snack
sasha antibacteri 150gr,Perawatan Gigi,Pasta Gigi
giv pearl 76gr k72,Sabun Mandi,Antiseptik
astor,Makanan Ringan,Snack
laksa,Rokok,Rokok
minuman rtd nescafe kaleng original 240ml (24pc),Minuman Dalam Kemasan,Kopi Instant
choco lito choco,Makanan Ringan,Snack
tropical botol 0.5 liter,Bahan Masakan,Minyak Sayur
ns jeruk extra manis 14gr k10,Minuman Sachet,Minuman Segar
dk pilus keju 10gr b6,Makanan Ringan,Snack
milkjus anggur 25gr k10,Minuman Sachet,Susu
soklin pewangi ungu 20ml k14 (6+1),Sabun Cuci Pakaian,Pengharum
nuvo family hijau 80gr,Sabun Mandi,Antiseptik
giv lemon 76gr,Sabun Mandi,Antiseptik
lux soap dus 144x85g,Sabun Mandi,Antiseptik
garuda atom manis 42gr,Makanan Ringan,Kacang-Kacangan
yupi baby bears,Makanan Ringan,Jelly
mbk putih dus (isi 50),Perawatan Tubuh,Deodorant
kacang garuda rosta rasa sapi panggang 100gr (3 slop x 10 pcs),Makanan Ringan,Biskuit
mp xl20 k20,Perawatan Bayi,Popok
softener sklbs tw blue 15ml r4,Sabun Cuci Pakaian,Deterjen
minuman rtd sosro fruit tea pet blackcurrant 500ml (24pet),Minuman Dalam Kemasan,Teh
superco 12gr k10,Makanan Ringan,Biskuit
pino ice cup,Minuman Dalam Kemasan,Es Cup
ponds wb ff 50 g,Perawatan Tubuh,Pembersih Wajah
tango keju 8.5gr k20,Makanan Ringan,Biskuit
gar lc foam 100ml,Perawatan Tubuh,Pembersih Wajah
racik sayur lodeh 10x25g,Bahan Masakan,Kaldu & Penyedap
kacang ijo bening lokal 25kg(bal),Makanan Ringan,Kacang-Kacangan
minyak goreng harumas refill 1 lt (12 pouch),Bahan Masakan,Minyak Sayur
panter,Minuman Dalam Kemasan,Minuman Energy
larutan k3 orange 320ml k24,Minuman Dalam Kemasan,Minuman Segar
gula gmp 50kg,Bahan Masakan,Gula
mie telor 3 ayam,Bahan Makanan,Mie Kering
abc terasi udang 4.2gr b36,Bahan Masakan,Kaldu & Penyedap
zinc @ 20 lbr,Perawatan Rambut,Shampo
kunyit desaku 10gr b8,Bahan Masakan,Bumbu & Penyedap
ulala harum pedas 20gr b10,Makanan Ringan,Snack
supersol 250ml,Sabun Cuci Lantai,Pembersih Ruangan
joss c1000 (12s),Minuman Sachet,Minuman Energy
la bold 20 slp,Rokok,Rokok
marlboro filter black 12,Rokok,Rokok
marjan melon 460ml k12,Sirop,Minuman Segar
stella refill matic sg 225ml,PKRT,Pengharum Ruangan
snack french fries kris bee 13gr (4rtgx10pcs),Makanan Ringan,Snack
iyes jagung bakar 12gr r12,Makanan Ringan,Kacang-Kacangan
laurier maxi wing 10s,Perlengkapan Kebersihan Wanita,Pembalut
sarimi kari spesial isi 2 dus (isi 24),Makanan Instant,Mie Instant
gery roll 5.5gr b6 k24,Makanan Ringan,Biskuit
gula gpm 50 kg,Bahan Masakan,Gula
padimas pandan,Makanan Ringan,Kue Kering
coklat cho cho milk coklat toples 8g (12tpls x 24pcs),Makanan Ringan,Cokelat
kenji dendeng amerika 5gr k10,Makanan Ringan,Snack
biskuit roma malkist cokelat kelapa 22 gr (6slop x 2rtg x 10pcs),Makanan Ringan,Biskuit
sk liq softergen 24ml k12+1,Sabun Cuci Pakaian,Deterjen
inaco mini jelly 5x15g,Makanan Ringan,Agar-Agar
kg combo max,Makanan Ringan,Biskuit
uj milk full cream 1lt,Minuman Dalam Kemasan,Susu
cuka dixi 650ml,Bahan Masakan,Cuka
pepsodent 190gr,Perawatan Gigi,Pasta Gigi
indo geprek,Makanan Instant,Mie Instant
penggaris butterfly 30 cm,ATK,Penggaris
fullo blasto 16gr k16,Makanan Ringan,Biskuit
madu tj sachet jeruk 12x20g,Minuman Dalam Kemasan,Madu
yupi marshmallow 180gr b12,Makanan Ringan,Jelly
biskuit gery malkist salut keju besar 110gr (20pcs),Makanan Ringan,Biskuit
kapal api mix 25gr r12,Minuman Bubuk,Kopi Instant
coolant leci,Minuman Dalam Kemasan,Minuman Segar
snack gery o donuts chocomilk 10gr (6box x 24pcs),Makanan Ringan,Snack
minuman serbuk marimas kelapa muda 8gr (6slop x 12rtg x 10pcs),Minuman Sachet,Minuman Segar
snack lays rumput laut 14gr (60pc),Makanan Ringan,Snack
snack nyam nyam moo milky yoghurt 28gr (12slop x 12pcs),Makanan Ringan,Snack
nutrijell puding santan pandan 130g,Makanan Ringan,Agar-Agar
big babol filifolly dus 12x132g,Makanan Ringan,Permen
biskuit kokola kukis mocachino 218gr (4 slop x 6 pcs),Makanan Ringan,Biskuit
ka 165gr,Minuman Bubuk,Kopi Instant
biskuit inafood hitam manis chocolate 99 gr ( 3 slop x 12 pcs),Makanan Ringan,Biskuit
sg cipt extra med,Perawatan Gigi,Sikat Gigi
saori teriyaki sachet,Bahan Masakan,Aneka Kecap
oreo coklat 97.8gr b6 k24,Makanan Ringan,Biskuit
silver queen 33 gr,Makanan Ringan,Cokelat
daia softener pink 850g,Sabun Cuci Pakaian,Deterjen
plossa kayu putih 10ml,Obat Luar,Minyak Gosok
snack oishi pillow ball ubi 8gr baruu (15slop x 2rtg x 10pcs),Makanan Ringan,Snack
sg formula junior helm k12,Perawatan Gigi,Sikat Gigi
ns kelapa muda k10,Minuman Sachet,Minuman Segar
"tango wfr cklt 18,5gr",Makanan Ringan,Wafer
gs malkist matcha 18gr k20,Makanan Ringan,Biskuit
desaku ketumbar dus 8x72x5g,Bahan Masakan,Kaldu & Penyedap
sereal energen kurma 30gr (12rtg x 10pcs),Minuman Sachet,Sereal
pocky chocolate 47g,Makanan Ringan,Biskuit
sugus strawberry 90gr k36,Makanan Ringan,Permen
wafer stick fullo seru 2000an coklat 48gr (48pcs),Makanan Ringan,Wafer
ns wdank 15gr r12,Minuman Sachet,Minuman Segar
my baby telon pak 12x85ml,Obat Luar,Minyak Urut
bukrim formula anti noda 330g k12,Sabun Krim,Sabun Cuci Piring
gt lakban cklt 100yrd,Alat Pertukangan,Lem
biskuit khong guan klik renteng (9slop x 2rtg x 10pcs),Makanan Ringan,Biskuit
roma kelapa cream dus 6x20x40g,Makanan Ringan,Biskuit
antaka balado pedas manis 100gr,Bahan Masakan,Kaldu & Penyedap
kis aplle peach 125gr b24,Makanan Ringan,Permen
lif bw coolfresh 300ml,Sabun Mandi,Antiseptik
pants mamy poko baru standart s1 (12rtg x 10pcs),Perawatan Bayi,Popok
daia violet 850g,Sabun Cuci Pakaian,Deterjen
3 roda,PKRT,Obat Nyamuk
oreo mini coklat 23gr,Makanan Ringan,Biskuit
coca cola dus 12x390ml,Minuman Dalam Kemasan,Botol
butterfly daily mask 50s,Perlengkapan Medis,Masker
chitato kripz 10gr b3 k60,Makanan Ringan,Snack
nabati pocket 20gr,Makanan Ringan,Wafer
real good bantal k (48x60ml) tfa,Minuman Dalam Kemasan,Minuman Segar
susu kental manis kremer kental manis 375g,SKM,Susu Kental
baygon bakar jumbo max (5psg),PKRT,Obat Nyamuk
botan sardines 125gr k50,Makanan Kaleng,Ikan
levios 1500 ml,Air Minum Dalam Kemasan,Botol
rm mlkst klp kopyor 25gr,Makanan Ringan,Biskuit
divo kretek 12,Rokok,Rokok
dee dee grape 125ml,Sabun Cuci Tangan,Sabun Cuci Tangan
madu hitam pahit az-zikra 500gr,Obat Obatan,Obat Herbal
wafer tango walut cokelat pisang 18gr (10box x 12pcs),Makanan Ringan,Wafer
indomilk full cream 1000ml k12,Minuman Dalam Kemasan,Susu
mamy poko l1 r10,Perawatan Bayi,Popok
nice tisu 180s,PKRT,Tisu
chizmill crancheese 35gr,Makanan Ringan,Wafer
chikako snack,Makanan Ringan,Snack
minuman serbuk segar sari susu soda strawberry 20gr (4slop x 5rtg x 10pcs),Minuman Sachet,Minuman Segar
vanish pch 150ml,Sabun Cuci Pakaian,Pemutih
waisan,Obat Obatan,Obat Puyer
mini oreo vanilla 67gr,Makanan Ringan,Biskuit
astor inafood twistull pelangi 500gr (6 top),Makanan Ringan,Biskuit
astor klg 330g,Makanan Ringan,Wafer Cokelat
minuman serbuk marimas es cincau (6slopx12rtgx10pcs),Minuman Sachet,Minuman Segar
hp strawbery 10gr,Makanan Ringan,Biskuit
national kecap manis gln (2),Bahan Masakan,Aneka Kecap
sosro celup 25's dus (isi 50),Teh Kemasan,Teh Celup
susu jahe 12x10,Minuman Dalam Kemasan,Susu
joyco stabilo,ATK,Stabilo
soklin liquid softergent 250ml k18,Sabun Cuci Pakaian,Deterjen
nuvo family merah 80gr,Sabun Mandi,Antiseptik
wafer migi 2000an vanilla coklat 60gr (54pcs),Makanan Ringan,Wafer
neo mild,Rokok,Rokok
susu kental manis frisian flag putih 370gr,SKM,Susu Kental
mie pop mie goreng pedas gledek (12cup),Makanan Instant,Mie Instant
susu kaleng indomilk 370gr,SKM,Susu Kental
grd rosta sapi pgg 22gr,Makanan Ringan,Kacang-Kacangan
kispray sak amoris bal 6x24s,PKRT,Pengharum
slai o'lai nanas 128gr,Makanan Ringan,Biskuit
mj terigu cakra kembar 25 kg,Bahan Makanan,Terigu
top kopi skm 30gr k12,Minuman Bubuk,Kopi Instant
abc kopi susu 31gr r12,Minuman Bubuk,Kopi Instant
ntrs juice mangga,Minuman Sachet,Minuman Segar
pocky strawberry 45g,Makanan Ringan,Biskuit
lifebuoy shp kuat berkilau 12x9ml,Perawatan Rambut,Shampo
mixagrip,Obat Obatan,Obat Batuk Pilek
golda cofee 200ml k12,Minuman Dalam Kemasan,Kopi Instant
kobe bakwan & perkedel 20x75g,Bahan Masakan,Kaldu & Penyedap
choyo cup rainbow,Makanan Ringan,Cokelat
pants mamy poko baru standart m1 (12rtg x 10pcs),Perawatan Bayi,Popok
dk pilus sapi pgg 10gr k20,Makanan Ringan,Snack
glico pocky green tea 47gr k12,Makanan Ringan,Biskuit
blue band cup dus 48x250g,Mentega,Margarin
kispray sak gold dus (8bal),PKRT,Pengharum
minuman rtd isoplus 350ml (12btl),Minuman Dalam Kemasan,Minuman Segar
soklin detergent ec 1rb pk (12x6),Sabun Cuci Pakaian,Deterjen
oreo mini ori 23gr k10,Makanan Ringan,Biskuit
blue band serbaguna 1kg k12,Bahan Makanan,Mentega
rm gdm cklt+susu 39gr,Makanan Ringan,Biskuit
bintang 7 masuk angin,Obat Obatan,Obat Puyer
kecap nasional 220ml k24,Bahan Masakan,Aneka Kecap
biskuat original 10gr rtg k20,Makanan Ringan,Biskuit
rinso 1000 21rcg,Sabun Cuci Pakaian,Deterjen
fanta pet orange 360ml,Minuman Dalam Kemasan,Soft Drink
kapas selection k pak 12x35g,Perawatan Tubuh,Kapas Pembersih Wajah
snack chitato sapi panggang 68gr (30pcs),Makanan Ringan,Snack
wafer nabati hansel hazelnut choco baru 34g (12box x 12pcs),Makanan Ringan,Wafer
kenko tip-ex,ATK,Tip X
wafer stick asteros box keju 14gr (6box x 24pcs),Makanan Ringan,Wafer
sohun naga 500gr,Makanan Instant,Soun Kering
soklin lantai pch lemon 800ml,Sabun Cuci Lantai,Pembersih Ruangan
biskuit oreo roll chocolate 137gr (24roll),Makanan Ringan,Biskuit
sosis kimbo sapi,Makanan Instant,Sosis
sg cipt crystal med,Perawatan Gigi,Sikat Gigi
mie pop mie rasa ayam bawang (24pcs),Makanan Instant,Mie Instant
stella gantung,PKRT,Pengharum Ruangan
pop mie dower 75gr,Makanan Instant,Mie Instant
larutan penyegar cap kaki tiga kaleng rasa jeruk 320ml (24 klg),Minuman Dalam Kemasan,Minuman Segar
paku payung dolphin,Alat Pertukangan,Paku
w500k biru 193gr,Sabun Krim,Deterjen
lotte choco pie (12packs),Makanan Ringan,Biskuit
vitabumin 130ml,Obat Obatan,Multi Vitamin
gula legies s500 k30,Bahan Masakan,Gula
lucky strike bold 12,Rokok,Rokok
good day freeze 10x30g,Minuman Sachet,Kopi Instant
kodomo zig zag 2in1,Perawatan Gigi,Sikat & Pasta Gigi
cerres 90gr,Makanan Ringan,Cokelat
minuman serbuk nutrisari jeruk extra manis 11gr (6slop x 4rtg x 10pcs),Minuman Sachet,Minuman Segar
keju cake dus 12x12x16g,Makanan Ringan,Kue
gelas kopi dus 40x75s,Minuman Sachet,Minuman Kopi
rinso molto rose 44gr dus,Sabun Cuci Pakaian,Pengharum
extra joss bar 22gr k12,Minuman Sachet,Minuman Energy
roma malkist abon 135gr,Makanan Ringan,Biskuit
king kong original 60gr,Makanan Ringan,Snack
mitra minyak goreng 1l,Bahan Masakan,Minyak Sayur
sagu aren parang 50kg,Bahan Makanan,Sagu
granita premium 185 ml,Minuman Dalam Kemasan,Kopi Instant
supersol 900ml,Sabun Cuci Lantai,Pengharum
sidu muncul susu jahe,Minuman Sachet,Susu Jahe
ntrs markisa,Minuman Sachet,Minuman Segar
real good coklat 150ml,Minuman Dalam Kemasan,Minuman Segar
mp m34 b4,Perawatan Bayi,Popok
minuman suplemen you c1000 vitamin c lemon 140ml (30btl),Minuman Dalam Kemasan,Minuman Energy
ff skm coklat sak 6x40g,SKM,Susu Kental
sasha antibacteri 65gr,Perawatan Gigi,Pasta Gigi
teh celup botol 8gr rtg r2,Teh Kemasan,Teh Celup
ellips silky black pak 12x6ml,Perawatan Rambut,Vitamin Rambut
bendera cocopandan klg,SKM,Susu Kental
superstar,Makanan Ringan,Cokelat
mini oreo vanilla 67gr k24,Makanan Ringan,Biskuit
lifebuoy bw vita protect btl 100ml,Sabun Mandi,Antiseptik
pantene anti dandruff 70ml (ctn),Perawatan Rambut,Shampo
minuman rtd yeos chrysanthemum 300ml (24can),Minuman Dalam Kemasan,Minuman Segar
susu kental manis frisian flag coklat 40g r20,SKM,Susu Kental
padimas mix ball,Makanan Ringan,Kue Kering
e900k lemon 520gr,Sabun Krim,Sabun Cuci Piring
snack potakrez spicy beef 18gr (8 slop x 10 pcs),Makanan Ringan,Snack
sg formula ripple soft,Perawatan Gigi,Sikat Gigi
chocolatos wafer roll 33g,Makanan Ringan,Wafer
glade orange 350+50ml,PKRT,Pengharum
zoda dus 24x250ml,Minuman Dalam Kemasan,Soda Mineral
mextril @ 25,Obat Obatan,Obat Kaplet
minuman rtd mr.jussie milky stroberi plus 90ml (48pc),Minuman Dalam Kemasan,Minuman Segar
wafer beng-beng kalpa container 28gr (8 container x 20pcs),Makanan Ringan,Wafer
gd chococino,Minuman Sachet,Kopi Instant
cake biskuat bolu pandan 16gr (12box x 12pcs),Makanan Ringan,Kue Kering
wafer stick sajuki standart full coklat ( 6 top),Makanan Ringan,Wafer
keju wincheez 250gr (4x8),Produk Susu,Keju
kaki tiga leci 320ml,Minuman Dalam Kemasan,Minuman Segar
hansaplast,Perlengkapan Medis,Plester
k.a 65gr,Minuman Bubuk,Kopi Instant
mie migelas kari ayam baru 28gr (12rtg x 10pcs),Makanan Instant,Mie Instant
omura cappucino 6gr r6,Minuman Sachet,Minuman Segar
uj stroberi 250ml,Minuman Dalam Kemasan,Susu
total putih softener 350gr k22 (ctn),Sabun Cuci Pakaian,Deterjen
dettol pembersih lantai 700ml,Sabun Cuci Lantai,Pembersih Ruangan
sprite 390ml,Minuman Dalam Kemasan,Minuman Segar
sk lantai hijau 800ml,Sabun Cuci Lantai,Pembersih Ruangan
kuku bima jrk c-1000,Minuman Sachet,Minuman Energy
tritos keju 40gr,Makanan Ringan,Snack
donal puding cup toples tissue 27gr k50,Makanan Ringan,Agar-Agar
minyak bimoli spesial 2000ml,Bahan Masakan,Minyak Sayur
tip top soto ayam 68gr,Makanan Instant,Mie Instant
omura taro 6gr r6,Minuman Sachet,Minuman Segar
lif bw total10 300ml,Sabun Mandi,Antiseptik
belibis saos cabe 340ml k12,Bahan Masakan,Aneka Sambal
gula halus claris dus (isi 16),Bahan Masakan,Gula
komix jahe 7ml,Obat Obatan,Obat Cair
biskuit gery malkist salut coklat kelapa 105gr (20pcs),Makanan Ringan,Biskuit
ultra sari kacang ijo dus 24x250ml,Minuman Dalam Kemasan,Susu
susu bantal real good nyot nyot coklat renteng 15gr (15rtg x 10pcs),Minuman Sachet,Susu
top kopi mocca 25gr k12,Minuman Sachet,Kopi Instant
tango wfr keju 47gr,Makanan Ringan,Wafer
larutan leci,Minuman Dalam Kemasan,Minuman Segar
biskuit pocky cookies cream 40gr (12slop x 10pcs),Makanan Ringan,Biskuit
plastik pinokio kecil k5,PRT,Plastik
french fries 2000 dus (isi 40),Makanan Ringan,Kentang
pepsodent herbal 190 g,Perawatan Gigi,Pasta Gigi
wafer nabati pink lava baru 20gr (6rtg x 10pcs),Makanan Ringan,Wafer
national kecap manis ref 600ml,Bahan Masakan,Aneka Kecap
biskuat coklat 140gr k20,Makanan Ringan,Biskuit
tissue nice toilet core roll 238s (120 roll),PKRT,Tisu
snack riri 500an (4 rtg x 10 pcs),Makanan Ringan,Snack
bango kecap 275ml,Bahan Masakan,Aneka Kecap
lifebuoy total10 btg 75gr dus,Sabun Mandi,Antiseptik
indomilk coklat sak,SKM,Susu Kental
ff cokelat 115ml k36,Minuman Dalam Kemasan,Susu
nutrijell puding susu mangga 170g,Makanan Ringan,Agar-Agar
toracafe capucino pet k12,Minuman Dalam Kemasan,Kopi Instant
top wafer strawbery 9gr,Makanan Ringan,Wafer
candy woods lozenges lemon sachet 15ggr (18box x 15sct),Makanan Ringan,Permen Obat
gatsby thc 28gr,Perawatan Rambut,Minyak Rambut
snack nabati ahh keju 5.5gr 500an (10box x 20pcs),Makanan Ringan,Snack
tisu tessa 250 s dus,PKRT,Tisu
slai o'lai nanas 24gr b12,Makanan Ringan,Biskuit
susu serbuk datita 3+ madu 400 gr (24 box),Minuman Bubuk,Susu
simba choco chips 30gr,Makanan Ringan,Sereal
molto edp pink rose 10ml k12,Sabun Cuci Pakaian,Pengharum
candy marshmallow bulat jlo 7 gr ( 36 slop x 20 pcs),Makanan Ringan,Permen
cheweez long 12gr,Makanan Ringan,Wafer
cerebrofort mangga 100gr,Obat Obatan,Multi Vitamin
tango coklat 47gr k10,Makanan Ringan,Wafer
kurma amir toples,Makanan Ringan,Kurma
sereal gowell vanilla sachet 29gr (8 rtg x 10 pcs),Makanan Ringan,Sereal
gar lc foam 50ml,Perawatan Tubuh,Pembersih Wajah
beras lumba 48kg,Bahan Pokok,Beras
molto sachet 20 ml,Sabun Cuci Pakaian,Deterjen
tunggal jaya snack,Makanan Ringan,Snack
energen coklat 29gr k10,Minuman Sachet,Sereal
kecap sedaap 70ml k48.,Bahan Masakan,Aneka Kecap
protex softcare r24,Perlengkapan Kebersihan Wanita,Pembalut
susu dancow uht coklat 115ml (36pcs),Minuman Dalam Kemasan,Susu
garam pasar rame 160gr,Bahan Masakan,Garam
duo kelinci roll choconut 8.5gr ctn,Makanan Ringan,Biskuit
carnation susu,SKM,Susu Kental
jasjus anggur 8gr b6,Minuman Sachet,Minuman Segar
syrup abc sp.grade,Sirop,Minuman Segar
zwitsal baby shampoo 100ml k6,Perawatan Bayi,Shampo
kecap bango btl dus 24x275ml,Bahan Masakan,Kecap
pop mie mini,Makanan Instant,Mie Instant
snack optimus stick kare ayam (10 slop x 10 pcs),Makanan Ringan,Snack
racik sayur lodeh,Bahan Masakan,Kaldu & Penyedap
sasa s 5000 (80),Bahan Masakan,Kaldu & Penyedap
nata decoco selasih stroberry 200ml (24cup),Makanan Ringan,Sari Kelapa
rinso molto cair ae 42ml k6,Sabun Cuci Pakaian,Deterjen
jellygum 25gr k24,Makanan Ringan,Permen
minuman rtd big orange 535ml (12btl),Minuman Dalam Kemasan,Soft Drink
biosol sak,Sabun Cuci Lantai,Pembersih Ruangan
abc alkaline aaa,PRT,Baterai
sejuk segar jeruk nps 330ml k12,Minuman Dalam Kemasan,Minuman Segar
mlb filter black 12 slp,Rokok,Rokok
adem sari ck can 320ml k24,Minuman Dalam Kemasan,Minuman Herbal
wafer stick sajuki premium standart vanila (6toples),Makanan Ringan,Wafer
lux bw purple magical 250ml k24,Sabun Mandi,Antiseptik
jelly inaco mini boi aneka rasa 22 gr (12rtg x 10pcs),Makanan Ringan,Jelly
ching ku klg 320ml,Minuman Dalam Kemasan,Minuman Herbal
choki choki 20x11g,Makanan Ringan,Cokelat
soffel bunga geranium 6gr k24,Obat Luar,Obat Nyamuk
mamy poko pants m1/10pcs,Perawatan Bayi,Popok
emeron damage control 80ml,Perawatan Rambut,Shampo
indofood sambal pedas 9gr r42 k504,Bahan Masakan,Aneka Sambal
sponge coklat 12gr,Makanan Ringan,Snack
tissue mandom pak (2lsn),Perawatan Tubuh,Tisu
candy marshmallow love 6gr ( 36 slop x 20 pcs ),Makanan Ringan,Permen
inti gandum pisang 40gr k10,Makanan Ringan,Biskuit
sunsilk hair fall 70ml,Perawatan Rambut,Shampo
susu bendera coklat frisian flag 40gr dus,SKM,Susu Kental
ceki dus (12pak),Mainan,Kartu Remi
monde kcl,Makanan Ringan,Biskuit
lux ts magical spell 85gr,Sabun Mandi,Antiseptik
candy mentos buah toples 540gr (12tps),Makanan Ringan,Permen
minuman rtd vita jel-drink markisa 170gr (24cup),Minuman Dalam Kemasan,Minuman Segar
kis apel,Makanan Ringan,Permen
softener sklbs merah 35ml r4,Sabun Cuci Pakaian,Deterjen
mb filter16,Rokok,Rokok
gula matahari kuning 500gr,Bahan Masakan,Gula
attack easy 700gr,Sabun Cuci Pakaian,Deterjen
sunsilk hair fall 170ml,Perawatan Rambut,Shampo
zinc sachet,Perawatan Rambut,Shampo
kecap sedaap 550ml,Bahan Masakan,Aneka Kecap
waffle tango 8gr k20,Makanan Ringan,Biskuit
paramex nyeri otot,Obat Obatan,Obat Otot
dove shp dandruff care 160ml,Perawatan Rambut,Shampo
teddy land nyam2,Makanan Ringan,Snack
oreo mini coklat,Makanan Ringan,Biskuit
fullo coklat vanila 9gr,Makanan Ringan,Snack
alp eclairs 144g,Makanan Ringan,Permen
snack leo besar sapi panggang 50gr (40pcs),Makanan Ringan,Snack
agar swallow plain 12x7g,Bahan Makanan,Bahan Kue
nabati coklat 50gr k60,Makanan Ringan,Biskuit
koyo cabe pak (20str),Obat Luar,Koyo
gg mild shiver,Rokok,Rokok
adem sari chingku klg 320ml,Minuman Dalam Kemasan,Minuman Herbal
minyak goreng sunco refill 500ml (24 pouch),Bahan Masakan,Minyak Sayur
pocari sweat pet 500ml,Makanan Ringan,Snack
rinso colour & care 800gr,Sabun Cuci Pakaian,Deterjen
torabika gilus vanilla 10x23g,Minuman Sachet,Kopi Instant
yupi just for fun 1000 (12x25g),Makanan Ringan,Permen
aromatic pegal-pegal 8ml k12,Obat Luar,Minyak Gosok
minuman rtd siiplah rasa leci 120ml (32cup),Minuman Dalam Kemasan,Minuman Segar
ale2 anggur,Minuman Dalam Kemasan,Minuman Segar
swiss roll pandan 20gr k18,Makanan Ringan,Biskuit
teh celup poci asli 50gr,Teh Kemasan,Teh Celup
good time,Makanan Ringan,Biskuit
nuvo soap total protect 76g,Sabun Mandi,Antiseptik
larutan k3 anak original 200ml,Minuman Dalam Kemasan,Minuman Segar
tissue paseo facial ultrasoft pack 40s (72 pcs),PKRT,Tisu
neslite black,Rokok,Rokok
posh girl 150ml,Perawatan Tubuh,Pengharum
nabati bisvit sandwich 50gr k10,Makanan Ringan,Biskuit
mogu mogu sirsak,Minuman Dalam Kemasan,Minuman Segar
minuman rtd ale ale anggur 200ml (24cup),Minuman Dalam Kemasan,Minuman Segar
boom putih 400gr,Sabun Cuci Pakaian,Deterjen
vixal biru 500ml,Sabun Cuci Lantai,Pembersih Ruangan
scotch-brite sabut spons (12pcs),PRT,Spons
spons sabut stanless k12,PKRT,Spons
masako sapi 5rb new (48),Bahan Masakan,Kaldu & Penyedap
candy yupi berri bonz box 500an (12box x 24pcs),Makanan Ringan,Jelly
abc mango 250ml,Minuman Dalam Kemasan,Minuman Segar
ev 900 k,Sabun Krim,Deterjen
nescafe 3/1 original k10,Minuman Sachet,Kopi Instant
rg blackcurrant 125ml,Minuman Dalam Kemasan,Minuman Segar
nata de coco leci 360gr,Makanan Ringan,Sari Kelapa
dj 76 bal (20slp),Rokok,Rokok
biskuit hollanda butter cookies kaleng 300gr (6klg),Makanan Ringan,Biskuit
molto white musk 12ml,Sabun Cuci Pakaian,Deterjen
olai biru,Makanan Ringan,Biskuit
susu serbuk dancow 5+ madu 400 gr (24 box),Minuman Bubuk,Susu
kiwi black 45ml b4 k48,Perawatan Sepatu,Semir Sepatu
big cola 215ml k24,Minuman Dalam Kemasan,Soft Drink
sambal meja abc 135ml dus,Bahan Masakan,Aneka Sambal
momogi frutti 6gr b8,Makanan Ringan,Snack
biskuit roma slai olai roll strawberry 128gr (24roll),Makanan Ringan,Biskuit
okebis kelapa inafood b6 k120,Makanan Ringan,Biskuit
dove kondisioner total hfl 9ml r40 k480,Perawatan Rambut,Kondisioner
larutan anak jeruk 250ml,Minuman Dalam Kemasan,Minuman Segar
potabee seaweed15gr r6,Makanan Ringan,Snack
molto anti baktri sklbs 12ml r30,Sabun Cuci Pakaian,Pengharum
soklin softergent purple 770g,Sabun Cuci Pakaian,Deterjen
minyak cap kapak no:1 56ml,Obat Luar,Minyak Angin
simba choco pillow,Makanan Ringan,Snack
cola 5rb,Minuman Dalam Kemasan,Soft Drink
susu kental manis cap enaak coklat 375gr,SKM,Susu Kental
pop mie soto 77gr k24,Makanan Instant,Mie Instant
terigu kb merah 1kg k10,Bahan Makanan,Terigu
sasa bakwan 100gr r12,Bahan Makanan,Tepung
maya tomat dus 48x425g,Makanan Kaleng,Ikan
roma coklat 1000,Makanan Ringan,Biskuit
oreo coklat 137gr k24,Makanan Ringan,Biskuit
beng beng maxx dus 8x12x32g,Makanan Ringan,Cokelat
kecap sedap pch 225ml,Bahan Masakan,Kecap
lays rumut laut 35gr k40,Makanan Ringan,Snack
mp m34 k34,Perawatan Bayi,Popok
indofood rendang box (24),Bahan Masakan,Kaldu & Penyedap
kopiko capucino,Makanan Ringan,Permen
lifebuoy lemonfresh 80gr k144,Sabun Mandi,Antiseptik
kenji dendeng amerika 5gr r4 k40,Makanan Ringan,Snack
minuman serbuk omura milky susu rasa cappucino 6gr (4slop x 6rtg x 10pcs),Minuman Sachet,Kopi Instant
mayonaise maestro 1kg,Bahan Makanan,Mayonaise
kopi fresco moka (10x12),Minuman Sachet,Kopi Instant
soklin 1000,Sabun Cuci Pakaian,Deterjen
minuman serbuk omura milky susu rasa coklat 6gr (4 slop x 6 rtg x 10 pcs),Minuman Sachet,Minuman Segar
torabika duo 10x25g,Minuman Sachet,Kopi Instant
better 1000,Makanan Ringan,Biskuit
klop soluto 19gr,Makanan Ringan,Biskuit
panadol merah,Obat Obatan,Obat Sakit Kepala
max tea tarikk 5x25g,Minuman Sachet,Teh Instant
lux cair 5000,Sabun Mandi,Antiseptik
aqua btl dus 12x1500ml,Air Minum Dalam Kemasan,Botol
pepsodent whitening pak 12x190g,Perawatan Gigi,Pasta Gigi
piattos dus 4x20x12g,Makanan Ringan,Snack
racik ayam goreng (20x10),Bahan Masakan,Kaldu & Penyedap
nestle pl 600ml k24,Air Minum Dalam Kemasan,Botol
kopi caffino mocca 3 in 1 20gr (20 rtg x 10 pcs),Minuman Sachet,Kopi Instant
wpc 800ml,Sabun Cuci Lantai,Pembersih Ruangan
biosol 20ml,Sabun Cuci Lantai,Pembersih Ruangan
boncabe,Bumbu Tabur,Aneka Sambal
gpu 30ml,Obat Luar,Minyak Gosok
bintang zero klg,Minuman Dalam Kemasan,Bir
lifebouy shampoo anti dandruff 10ml 12+1,Perawatan Rambut,Shampo
candy mintz baruuu grape 2.3gr (24bag),Makanan Ringan,Permen
nice facial 180's,PKRT,Tisu
racik perkedel 50gr,Bahan Masakan,Kaldu & Penyedap
roma malkist keju manis dus 5x6x120g,Makanan Ringan,Biskuit
esse change 20 slp,Rokok,Rokok
palmia margarin 200gr,Bahan Makanan,Mentega
roma biskuit kelapa 27 g ctn,Makanan Ringan,Biskuit
my baby soft - gentle 50gr k6,Perawatan Bayi,Bedak Bayi
safari butir warna,Makanan Ringan,Cokelat Tabur
biskuit nissin kelapa ijo 280gr (24pcs),Makanan Ringan,Biskuit
resto 200ml,Bahan Masakan,Minyak Sayur
mariteh melati 7gr k10+5,Minuman Sachet,Minuman Segar
yupi jungle fun b12,Makanan Ringan,Jelly
vanish bubuk 120gr,Sabun Cuci Pakaian,Pemutih
tip top ayam bawang 68gr,Makanan Instant,Mie Instant
coklat tobelo golden balls 315 gr (6 tps),Makanan Ringan,Cokelat
stella spray apple 250ml,PKRT,Pengharum Ruangan
nuvo family pink 80gr,Sabun Mandi,Antiseptik
citra cair,Sabun Mandi,Antiseptik
wafer tango loong baru 500an keju 7.8gr (12box x 20pcs),Makanan Ringan,Wafer
molto blue 22ml r36,Sabun Cuci Pakaian,Pengharum
emeron black & shine 12ml r20,Perawatan Rambut,Shampo
baygon spray double nozzle fb 600ml,PKRT,Obat Nyamuk
kopi k.api grande white coffe 20gr (12rtg x 10pcs),Minuman Sachet,Kopi Instant
rapika ungu 250ml,PKRT,Pengharum
donal big stik puding toples 30gr b3,Makanan Ringan,Agar-Agar
candy antangin assorted toples (6top x 250pc),Makanan Ringan,Permen
pronas spagheti 200gr,Makanan Instant,Sapi
rm kelapa cream 180gr,Makanan Ringan,Biskuit
paseo refill 250s dus (isi 48),PKRT,Tisu
jelly tas,Makanan Ringan,Jelly
charm night wing 29cm k5 5e,Perlengkapan Kebersihan Wanita,Pembalut
sedotan gm 50,PRT,Serbaguna
trendy roll,PKRT,Tisu
fresh care citrus,Obat Luar,Minyak Gosok
lifebuoy soap lemon fresh 80g,Sabun Mandi,Antiseptik
hand sanitizer,PKRT,Antiseptik
ponds wb day cream 7.5gr,Perawatan Tubuh,Krim Wajah
susu kental manis frisian flag pouch coklat 560gr (24 pouch),SKM,Susu Kental
ale2 sirsak,Minuman Dalam Kemasan,Minuman Segar
gudang garam surya,Rokok,Rokok
sg cipt flexy med k12,Perawatan Gigi,Sikat Gigi
roma malkist kelapa kopyor 252gr b6,Makanan Ringan,Biskuit
uj coklat 250ml,Minuman Dalam Kemasan,Susu
rinso molto 46gr,Sabun Cuci Pakaian,Pengharum
my baby fresh fruity 50gr,Perawatan Bayi,Bedak Bayi
fresh care minyak kayu putih 10ml,Obat Luar,Minyak Kayu Putih
oreo vanila 38gr,Makanan Ringan,Biskuit
rinso 48g molto,Sabun Cuci Pakaian,Deterjen
jasjus jeruk nipis 8gr k10,Minuman Sachet,Minuman Segar
nabati keju 145gr k24,Makanan Ringan,Wafer
kerupuk kuning 3kg,Makanan Ringan,Kerupuk
yupi 500,Makanan Ringan,Jelly
segar dingin jeruk nipis 7gr b12 r24,Minuman Sachet,Minuman Segar
garam halus cumi k40,Bahan Masakan,Garam
mixagrip pak (25str),Obat Obatan,Obat Batuk Pilek
ramene original 12gr k10,Makanan Ringan,Snack
garuda ting2 stik 1000 dus (10rcg),Makanan Ringan,Kacang-Kacangan
biore men anti bacterior 100gr,Perawatan Tubuh,Pembersih Wajah
ichi ocha dus 12x350ml,Minuman Dalam Kemasan,Botol
biskuit oops rtg baruuu roasted swet corn 8 gr (12 rtg x 12 pcs),Makanan Ringan,Biskuit
caladine powder 60g,Perawatan Tubuh,Bedak Bayi
candy alpenliebe lolly renteng orig. (16slop x 2rtg x 10pcs),Makanan Ringan,Permen
pepsodent whitening 190gr,Perawatan Gigi,Pasta Gigi
milkjus coklat 25gr k10,Minuman Sachet,Susu
chacha peanut 13gr r3,Makanan Ringan,Cokelat
sm terigu cakra kembar mie 25 kg,Bahan Makanan,Terigu
oreo mini coklat 23gr k10,Makanan Ringan,Biskuit
soklin liquid antibacteri 250ml k18,Sabun Cuci Pakaian,Deterjen
sasa santan 65gr k32,Bahan Masakan,Kaldu & Penyedap
energen + rm kelapa rcg,Makanan Ringan,Sereal
isoplus 350ml k12,Minuman Dalam Kemasan,Minuman Energy
tango wafer vanilla 47g,Makanan Ringan,Wafer
karet liberty 500gr,PRT,Karet
sikat gigi pepsodent pak (12pcs),Perawatan Gigi,Sikat Gigi
ns lemonia kelapa 130gr,Makanan Ringan,Biskuit
yupi sea word k24,Makanan Ringan,Jelly
padimas lapis strawbery 11gr b8,Makanan Ringan,Kue Kering
cream wings biru 900 bag 520g,Sabun Krim,Deterjen
soklin liquid pch white 800ml,Sabun Cuci Pakaian,Deterjen
molto 1000 allin1 pink 6x20ml,Sabun Cuci Pakaian,Pengharum
biskuit roma arden tender bite cookies 30gr (6box x 12pcs),Makanan Ringan,Biskuit
bawang putih kating,Bahan Masakan,Kaldu & Penyedap
skln lantai 80ml,Sabun Cuci Lantai,Pembersih Ruangan
kido banana 115ml,Minuman Dalam Kemasan,Susu
gg signature 12 bal (20slp),Rokok,Rokok
shinzui ume,Sabun Mandi,Antiseptik
susu bantal real good besar jeruk 150ml (36pcs),Minuman Dalam Kemasan,Susu
sesame stick 60gr k40,Makanan Ringan,Snack
jasjus jeruk peras 8gr b6,Minuman Sachet,Minuman Segar
teh cap botol hijau 40gr b20,Teh Kemasan,Teh Celup
kopi good day rock salt caramello (5bag x 5rtg x 10pcs),Minuman Sachet,Kopi Instant
candy pusan king bubble toples (6tps),Makanan Ringan,Permen
indomilk putih klg,SKM,Susu Kental
madu tj murni 500g,Minuman Dalam Kemasan,Madu
mie pop mie rasa ayam 75gr (24pcs),Makanan Instant,Mie Instant
minyak goreng sania refil 2 liter (6 pouch),Bahan Masakan,Minyak Sayur
candy golia lemon sak kecil 105gr (24sak),Makanan Ringan,Permen
susu kental manis frisian flag kaleng coklat 370gr (48klg),SKM,Susu Kental
akusuka biru,Makanan Ringan,Snack
simba cereal bar 28gr b8,Makanan Ringan,Wafer
nabati 1000,Makanan Ringan,Wafer
agar2 swl hijau 7gr k12,Makanan Ringan,Agar-Agar
dueto chocochips 82.5gr k3,Makanan Ringan,Kue Kering
rexona sak dus 144x10g,Perawatan Tubuh,Deodorant
wafer stik tiramisu 50gr k20,Makanan Ringan,Wafer
tim tam coklat 94.5g,Makanan Ringan,Biskuit
wafer suteki kaleng strawberry ( 6 kaleng ),Makanan Ringan,Wafer
wipol pch 450ml,Sabun Cuci Lantai,Pembersih Ruangan
rexona wmn powder dry 50ml,Perawatan Tubuh,Lotion
telon lang 15ml k12,Obat Luar,Minyak Gosok
kuaci rebo milk 20x13g,Makanan Ringan,Snack
minuman serbuk teh teajus melati 8 g (6 slop x 60 pcs),Minuman Sachet,Teh
marinasi,Bahan Masakan,Kaldu & Penyedap
pantene (14x3x12),Perawatan Rambut,Shampo
citra bw natural white 55ml,Sabun Mandi,Antiseptik
swallow agar coklat,Makanan Ringan,Agar-Agar
kispray segeris 7ml k24,PKRT,Pengharum
molto ref 900ml,Sabun Cuci Pakaian,Pengharum
keju cake 12x16g,Makanan Ringan,Kue
mamypoko l rtg k10,Perawatan Bayi,Popok
snack tota leser all variant 26gr (10slop x 10pcs),Makanan Ringan,Snack
monde cream crackers dus 24x175g,Makanan Ringan,Biskuit
biskuat bolu pandan,Makanan Ringan,Biskuit
nabati time break rco 20gr,Makanan Ringan,Wafer
snack new momogi stick bite size love heart cheese 30gr (6slop x 5pcs),Makanan Ringan,Snack
larutan penyegar cap kaki tiga rasa anggur 320ml (24 klg),Minuman Dalam Kemasan,Minuman Segar
indomie goreng rendang,Makanan Instant,Mie Instant
sedap kari,Makanan Instant,Mie Instant
superpell gold 800ml,Sabun Cuci Lantai,Pembersih Ruangan
mentega menara 15kg,Bahan Makanan,Mentega
snack optimus stick sapi panggang 26gr (10slop x 10pc),Makanan Ringan,Snack
giv putih 65ml k48,Sabun Mandi,Antiseptik
yupi little star,Makanan Ringan,Jelly
rm sdwch cklt,Makanan Ringan,Biskuit
oreo vanilla 97.8gr k4,Makanan Ringan,Biskuit
zuperrrkeju 8.5gr k20,Makanan Ringan,Biskuit
gmen power white 100ml,Perawatan Tubuh,Pembersih Wajah
kamper dahlia pingpong pak 12x5s,PKRT,Pengharum Ruangan
ff skm coklat klg dus 48x375g,SKM,Susu Kental
sasa kentucky 80gr r12,Bahan Makanan,Tepung
jasjus,Minuman Sachet,Minuman Segar
insto 7.5ml,Obat Luar,Obat Mata
susu ultra uht mimi strawberry 125ml (40pcs),Minuman Dalam Kemasan,Susu
lencana merah,Bahan Makanan,Terigu
fullo blasto dus (8pak),Makanan Ringan,Biskuit
snack polongku original 1000an 26gr (6slop x 10pc)+1pc,Makanan Ringan,Snack
attack jaz1 segar 900g,Sabun Cuci Pakaian,Deterjen
permen tolak angin dus (isi 24),Obat Obatan,Permen Obat
racik sayur asem 33gr r20,Bahan Masakan,Kaldu & Penyedap
candy mix cola split defanty 9gr (4slop x 3rtg x 12pcs),Makanan Ringan,Permen
biskuit klop saluto krekers keju 19 gr (12rtg x 10pcs),Makanan Ringan,Biskuit
total almeera 800ml k12,Sabun Cuci Pakaian,Deterjen
tb gilus mix vanila,Minuman Sachet,Kopi Instant
roma marie gold dus 24x10x24g,Makanan Ringan,Biskuit
kapal api 65gr,Minuman Bubuk,Kopi Instant
kertas mesin,ATK,Kertas
zyluc stick coklat 45gr,Makanan Ringan,Snack
krpk sari udang,Makanan Ringan,Kerupuk
tea jus madu 8gr b6,Minuman Sachet,Teh
kecap nasional 90ml,Bahan Masakan,Aneka Kecap
ka 30gr,Minuman Sachet,Kopi Instant
hydro coco 250ml,Minuman Dalam Kemasan,Minuman Segar
minuman rtd okky jelly drink apel 150ml (24gls),Minuman Dalam Kemasan,Minuman Segar
biskuit gery kelapa kopyor fam pack 340gr (4 slop x 6 pcs),Makanan Ringan,Biskuit
mogu mango 320ml k24,Minuman Dalam Kemasan,Minuman Segar
vita jelly anggur 170ml k24,Makanan Ringan,Agar-Agar
jasjus jeruk 8gr k10,Minuman Sachet,Minuman Segar
soklin detergent ec 500 mb (20x6),Sabun Cuci Pakaian,Deterjen
sunsilk kondis soft&smooth 5ml k12,Perawatan Rambut,Kondisioner
laurier night 30cm 1s,Perlengkapan Kebersihan Wanita,Pembalut
charm night wing 35cm @12 12e,Perlengkapan Kebersihan Wanita,Pembalut
indomie real meat goreng rendang,Makanan Instant,Mie Instant
rm crm crac 135gr,Makanan Ringan,Biskuit
clear shp csc menthol 70ml,Perawatan Rambut,Shampo
sensodyne soft sg,Perawatan Gigi,Sikat Gigi
gula unyil 5kg,Bahan Masakan,Gula
sasa smbl asli 9gr,Bahan Masakan,Aneka Sambal
kido strawbery 115ml,Minuman Dalam Kemasan,Susu
sidu krts hvs a4,ATK,Kertas HVS
zebra saos gembol (24),Bahan Masakan,Aneka Sambal
mayumi pedas 17gr,Bahan Masakan,Kaldu & Penyedap
garam halus,Bahan Masakan,Garam
kacang kulit garuda rasa bawang 70gr (4slop x 10pcs),Makanan Ringan,Biskuit
vitacimin family pack 10x2tbt,Obat Obatan,Multi Vitamin
good mood jeruk 450ml,Minuman Dalam Kemasan,Minuman Segar
ntrs strawberry,Minuman Sachet,Minuman Segar
terigu kunci biru e-cpn 25 kg,Bahan Makanan,Terigu
ching ku klg dus 24x320ml,Minuman Dalam Kemasan,Minuman Herbal
regal b dus 24x250g,Makanan Ringan,Biskuit
chocolatos matcha drink,Minuman Sachet,Minuman Cokelat
susu serbuk batita 1+ vanila 400 gr (24 box),Minuman Bubuk,Susu
menara,Rokok,Rokok
larutan cap badak 200ml,Minuman Dalam Kemasan,Minuman Segar
kamper swallow jala ball,PKRT,Pengharum Ruangan
tricks,Makanan Ringan,Snack
chitato bbq 68gr k30,Makanan Ringan,Snack
rinso cair molto rose 6x42ml,PKRT,Deterjen
torabika creamylatte,Minuman Sachet,Kopi Instant
lifree popok perekat m1 r12 k48,PRT,Popok Dewasa
top kopi toraja,Minuman Sachet,Kopi Instant
q guava,Minuman Dalam Kemasan,Minuman Segar
snack nextar nastar cookies pineapple 42gr (8box x10pcs),Makanan Ringan,Snack
big babol stk strawberry hgr 12x20g,Makanan Ringan,Permen
mama lime 4000,Sabun Cuci Piring,Antiseptik
roma malkist abon 27gr b12 k120,Makanan Ringan,Biskuit
tango juara banana 200ml,Makanan Ringan,Wafer
you c orange 140ml k30,Minuman Dalam Kemasan,Vitamin
bayclin fresh 500ml,Sabun Cuci Pakaian,Pemutih
mkp plus 15ml,Obat Luar,Minyak Gosok
minuman serbuk pop ice durian 25gr (5slop x 5rtg x 10pcs),Minuman Sachet,Minuman Segar
snack leanet kentang ayam bbq 8gr (4slop x 2rtg x 10pcs),Makanan Ringan,Snack
gd salt caramello,Minuman Sachet,Kopi Instant
filma minyak 1000ml k12,Bahan Masakan,Minyak Sayur
kacang atom hawai loss baru (4 kg),Makanan Ringan,Kacang-Kacangan
mama lemon 800ml,Sabun Cuci Piring,Antiseptik
sedotan singko,PRT,Sedotan
kis grape 125gr k50,Makanan Ringan,Permen
gudang garam merah 12,Rokok,Rokok
gatsby sachet,Perawatan Rambut,Minyak Rambut
susu milo uht 115ml (36pcs),Minuman Dalam Kemasan,Susu
candy kinder joy girls baru 20 gr (3box x 24pcs),Makanan Ringan,Permen
klatu 70ml 10+1,Bahan Masakan,Kaldu & Penyedap
bihun tanam jagung (10x320g),Bahan Makanan,Bihun Kering
geliga krim otot 30gr,Obat Luar,Balsam
pants mamy poko standart nb-s24 (6packx24pcs),Perawatan Bayi,Popok
uj sari asem 250ml,Minuman Dalam Kemasan,Asam
cho cho milk cklt 7gr,Makanan Ringan,Cokelat
soklin liquid 500 perfume 2x12x24ml,Sabun Cuci Pakaian,Deterjen
cerebrofort mixedfruits 100gr,Obat Obatan,Multi Vitamin
fte guava 350ml,Minuman Dalam Kemasan,Teh
stella refill matic lemon 225ml,PKRT,Pengharum Ruangan
moko moko genki m r20 k120,Perawatan Bayi,Popok
glico pocky double choco 47gr,Makanan Ringan,Biskuit
oasis 19l promo (air+galon),Air Minum Dalam Kemasan,Galon
wafer migi bata coklat 12gr (8slop x 10pcs),Makanan Ringan,Wafer
dove shp total damage 70ml k48,Perawatan Rambut,Shampo
glade i love you 350+50ml,PKRT,Pengharum
syrup marjan cocopandan 460ml,Sirop,Minuman Segar
alpenliebe caramel 125gr b40,Makanan Ringan,Permen
sikat gigi formula cc soft (12pcs),Perawatan Gigi,Sikat Gigi
kapal api dus 20x165g,Minuman Bubuk,Kopi Instant
snack pota bee seaweed 35gr (40pcs),Makanan Ringan,Snack
sosro celup 30's dus (isi 100),Teh Kemasan,Teh Celup
dancow coklat rtg 39gr r16,Minuman Sachet,Susu
sk liq perfume 50ml jumbo r4,Sabun Cuci Pakaian,Deterjen
wafer apilo 2in1 chocolate vanila cream 350gr (6klng),Makanan Ringan,Wafer
snack optimus stick nasi goreng (10slopx10pcs),Makanan Ringan,Snack
rexona men ice cool 9gr k12,Perawatan Tubuh,Lotion
teh kotak ultra 200ml k24,Minuman Dalam Kemasan,Teh
rapika biang gold ktk 22 ml,PKRT,Pengharum
carnation 370g,SKM,Susu Kental
mama lemon jeruk nipis 800ml,Sabun Cuci Piring,Antiseptik
ns nutritea lemon 14gr b18,Minuman Sachet,Minuman Segar
sarimi ayam bawang,Makanan Instant,Mie Instant
sukro oven bawang 24gr,Makanan Ringan,Kacang-Kacangan
masako ayam 11gr b6,Bahan Masakan,Kaldu & Penyedap
downy 1500-,Sabun Cuci Pakaian,Pengharum
fugu lobster 30gr k5,Makanan Ringan,Snack
nuvo soap nature protect 76g,Sabun Mandi,Antiseptik
antaka jagung manis 100gr,Bahan Masakan,Kaldu & Penyedap
kue sirup 2,Makanan Ringan,Kue
sasa 1/4,Bahan Masakan,Kaldu & Penyedap
pilus 1000 mie goreng bal 3x20x22g,Makanan Ringan,Kacang-Kacangan
quavit 1500ml,Air Minum Dalam Kemasan,Botol
abc sambal asli 335ml k24,Bahan Masakan,Aneka Sambal
so tango vnl 38gr,Makanan Ringan,Wafer
mie burung dara,Makanan Instant,Mie Kering
kispray bluis 7ml r6,PKRT,Pengharum
aqua btl 600ml,Air Minum Dalam Kemasan,Botol
mp xxl34 k34,Perawatan Bayi,Popok
pia100 pandan 150gr @7,Makanan Ringan,Kue Kering
bango kecap 220ml,Bahan Masakan,Aneka Kecap
inaco nata decoco cup mangga 200gr (24cup),Makanan Ringan,Sari Kelapa
migelas kari ayam 28gr,Makanan Instant,Mie Instant
nyam nyam moo milky 28gr k12,Makanan Ringan,Biskuit
jasjus melon 8gr k10,Minuman Sachet,Minuman Segar
sunkist pineapple 200ml,Minuman Dalam Kemasan,Minuman Segar
sponge stroberi 120gr k20,Makanan Ringan,Kue Kering
marjan melon 460ml,Sirop,Minuman Segar
vipco pch 500ml,Bahan Masakan,Minyak Sayur
racik sop,Bahan Masakan,Kaldu & Penyedap
apache filter 12 slp,Rokok,Rokok
cerebrofort mixedfruits 100gr k5,Obat Obatan,Multi Vitamin
sosis sn sapi 22gr,Makanan Instant,Sosis
goodday chococinno 20gr dus,Minuman Dalam Kemasan,Kopi Instant
tauco rengceng,Bahan Masakan,Kaldu & Penyedap
saori asam manis 25ml k10,Bahan Masakan,Aneka Sambal
skm bendera komplet vanila,SKM,Susu
panadol biru @10 tablet,Obat Obatan,Obat Kaplet
mintz duomint k50,Makanan Ringan,Permen
vita jelly anggur 170ml,Makanan Ringan,Agar-Agar
minuman serbuk segar sari susu soda anggur (4slop x 5rtg x 10pc),Minuman Sachet,Minuman Segar
soklin liquid violet 250ml k18,Sabun Cuci Pakaian,Deterjen
kikoya balado 22gr b10,Makanan Ringan,Snack
bukrim oxyklin romantic 750g,Sabun Krim,Sabun Cuci Piring
gatsby thc 70gr,Perawatan Rambut,Minyak Rambut
milo 3in1 sak 10x35g,Minuman Sachet,Minuman Cokelat
lifree light jumbo m20,PRT,Popok Dewasa
mamaqu 100gr jagung manis (10x10),Bahan Masakan,Kaldu & Penyedap
xxxchocolatos wfr cream,Makanan Ringan,Wafer
panadol extra @10 tablet,Obat Obatan,Obat Kaplet
skln pewangi 1xbls 15ml,Sabun Cuci Pakaian,Pengharum
wipol clasic pine btl 800ml k12,Sabun Cuci Lantai,Pembersih Ruangan
permen tolak angin bebas gula 15x5btr,Obat Obatan,Permen Obat
minuman serbuk omura buah rasa apel 7gr (4slop x 6rtg x10pcs),Minuman Sachet,Minuman Segar
nabati rolls keju 43gr,Makanan Ringan,Biskuit
antaka barbekiu 100gr,Bahan Masakan,Kaldu & Penyedap
djisamsu magnum,Rokok,Rokok
gulaku dus 40x500g,Bahan Masakan,Gula
larutan jeruk,Minuman Dalam Kemasan,Minuman Segar
jerigen kosong,PRT,Jerigen
optimus macaroni bbq 22gr b10,Makanan Ringan,Snack
mentos cool gel wtrmelon,Makanan Ringan,Permen
xxsasa tepung pisang,Bahan Makanan,Tepung Bumbu
gs malkist kelapa 36gr k12,Makanan Ringan,Biskuit
soklin lantai kuning 800ml,Sabun Cuci Lantai,Pembersih Ruangan
jelly big cheery oval 50gr (3tpls x 40pcs),Makanan Ringan,Jelly
rinso 1.4 kg,Sabun Cuci Pakaian,Deterjen
terigu segitiga ekonomis 1kg (12),Bahan Makanan,Terigu
mentos mint 135g,Makanan Ringan,Permen
minuman rtd sosro fruit tea guava 350ml (12btl),Minuman Dalam Kemasan,Teh
ciptadent jumbo dus 24x190g,Perawatan Gigi,Pasta Gigi
snack serbuk coklat kapten rasa chocobiz 8gr (12rtgx10pcs),Makanan Ringan,Snack
leanet v-tos kentang 8gr k20,Makanan Ringan,Snack
minuman rtd mizone cherry blossom 500ml (12btl),Minuman Dalam Kemasan,Minuman Segar
larutan cap kaki 3 can 320ml jrk,Minuman Dalam Kemasan,Minuman Segar
madu super az-zikra 500gr,Obat Obatan,Obat Herbal
minuman serbuk omura milky susu rasa strawberry 6gr (4slop x 6rtg x 10pcs),Minuman Sachet,Minuman Segar
minuman rtd pocari sweat kaleng 330ml (24 klg),Minuman Dalam Kemasan,Minuman Segar
gs mlkst dark cklt 18gr,Makanan Ringan,Biskuit
fullo pack 36gr,Makanan Ringan,Wafer
paramex nyeri otot (25str),Obat Obatan,Obat Otot
bening 220 ml,Minuman Dalam Kemasan,Minuman Segar
snack o-ring cup macaroni original 130gr (12cup),Makanan Ringan,Snack
mlb ice burst 20 slp,Rokok,Rokok
pillows durian 7gr k20,Makanan Ringan,Snack
susu jahe anget sari 10x28g,Minuman Sachet,Minuman Segar
pantene anti lepek 12x9ml,Perawatan Rambut,Shampo
total almeera 20ml k12,Sabun Cuci Pakaian,Deterjen
clear shp lemon 10ml r40,Perawatan Rambut,Shampo
gg. surya 16,Rokok,Rokok
minuman serbuk teh sisri extract 8gr (6slop x 12rtg x 10pcs),Minuman Sachet,Minuman Segar
komix kid,Obat Obatan,Obat Cair
nu oceana lemonade 460ml k24,Minuman Dalam Kemasan,Minuman Segar
roma malkist krim keju 120gr b5,Makanan Ringan,Biskuit
sedap ayam bawang 70gr,Makanan Instant,Mie Instant
panda grass 310ml k24,Minuman Dalam Kemasan,Minuman Segar
freshcare green tea 10ml k12,Obat Luar,Minyak Gosok
snack mie kremezz dos jagung bakar 15gr baruuu (6rtg x 10pcs),Makanan Ringan,Snack
esse cafe,Rokok,Rokok
energen vanilla,Minuman Sachet,Sereal
susu ultra 200ml strawberry,Minuman Dalam Kemasan,Susu
jolly coreless @5 b48,PKRT,Tisu
daia softener pink 850gr k12,Sabun Cuci Pakaian,Pengharum
p terigu cakra kembar emas,Bahan Makanan,Terigu
gulaku tebu 1kg,Bahan Masakan,Gula
xxsasa tb seafood,Bahan Makanan,Tepung Bumbu
roma sari gandum biskuit 240gr,Makanan Ringan,Biskuit
tortila jagung bakar 15gr k10,Makanan Ringan,Snack
kapal api mix 25gr k10,Minuman Bubuk,Kopi Instant
minuman rtd big cola 535ml (12btl),Minuman Dalam Kemasan,Soft Drink
lucky strike filter 20,Rokok,Rokok
minuman serbuk top ice strawberry 8gr (6slopx12rtgx10pcs),Minuman Sachet,Minuman Segar
candy blaster neapolitan sak 130gr (24sak),Makanan Ringan,Permen
dk sukro bbq 20gr,Makanan Ringan,Kacang-Kacangan
greenfields full cream 125ml k40,Minuman Dalam Kemasan,Susu
momogi dus 8x20x8g,Makanan Ringan,Snack
ns american so 14gr b18 r72,Minuman Sachet,Minuman Segar
lifebouy coolfresh 100ml,Sabun Mandi,Antiseptik
tomat pe 20x35,PRT,Plastik
daia dus 12x850g,Sabun Cuci Pakaian,Deterjen
snack piatos bbq baruuu 12gr (4slop x 20pcs),Makanan Ringan,Snack
mie telor cap 3 ayam,Makanan Instant,Mie Kering
pantene rambut rontok 12x10ml,Perawatan Rambut,Shampo
minuman rtd tiky jelly drink rasa mangga 180ml (24 cup),Minuman Dalam Kemasan,Minuman Segar
chew2ball momo coklat 8gr b12,Makanan Ringan,Permen
